name,event_name,split_1,split_2,split_3,split_4,time,rank,time_from_leader
Loic Bruni,Fort William,46.594,155.483,190.129,220.191,244.099,1,0
Troy Brosnan,Fort William,47.178,157.725,192.095,221.99,246.104,2,2.005000000000024
Finn Iles,Fort William,47.179,157.314,192.277,222.40699999999998,246.24599999999998,3,2.1469999999999914
Dakotah Norton,Fort William,47.615,158.269,192.667,223.253,247.353,4,3.254000000000019
Luca Shaw,Fort William,46.795,158.95600000000002,193.71,224.059,247.57199999999992,5,3.472999999999928
Benoit Coulanges,Fort William,47.258,160.333,194.762,224.528,248.135,6,4.036000000000001
Greg Williamson,Fort William,47.931,159.31799999999998,194.978,225.126,249.03099999999998,7,4.931999999999988
Matt Walker,Fort William,47.236,159.799,194.376,225.436,249.153,8,5.054000000000002
Loris Vergier,Fort William,48.105,159.65699999999998,194.46299999999997,225.27499999999995,249.15599999999995,9,5.0569999999999595
Andreas Kolb,Fort William,48.066,159.945,195.203,225.373,249.433,10,5.334000000000003
Jordan Williams,Fort William,47.653,159.924,195.395,225.609,249.58,11,5.481000000000023
Ronan Dunne,Fort William,47.27,160.767,194.793,225.739,250.218,12,6.119
Danny Hart,Fort William,47.738,160.18900000000002,194.901,226.036,250.45,13,6.350999999999999
Bernard Kerr,Fort William,48.269,160.485,196.37,227.008,250.91,14,6.811000000000007
Lachlan Stevens-Mcnab,Fort William,47.947,160.71800000000002,195.91000000000003,226.40200000000004,250.97500000000005,15,6.876000000000062
Oisin Callaghan O,Fort William,47.893,160.17899999999997,195.779,227.361,251.28300000000002,16,7.184000000000026
Amaury Pierron,Fort William,48.416,161.91400000000002,196.589,227.21200000000002,251.46600000000004,17,7.367000000000047
Charlie Hatton,Fort William,48.601,160.691,196.855,228.062,252.406,18,8.307000000000016
Thibaut Daprela,Fort William,47.594,161.39299999999997,197.498,228.379,252.676,19,8.576999999999998
Reece Wilson,Fort William,48.601,162.089,197.18699999999998,228.16699999999997,252.988,20,8.88900000000001
Greg Minnaar,Fort William,48.129,161.52199999999996,198.2,229.301,253.576,21,9.477000000000004
Loris Revelli,Fort William,47.736,161.698,197.915,230.065,253.686,22,9.587000000000018
Laurie Greenland,Fort William,48.408,162.091,198.37800000000004,229.67300000000003,253.75600000000003,23,9.657000000000039
Rémi Thirion,Fort William,48.449,163.32999999999998,198.435,229.923,254.286,24,10.187000000000012
Dylan Levesque,Fort William,48.562,163.233,199.28300000000002,230.26700000000002,254.34000000000003,25,10.241000000000042
Henri Kiefer,Fort William,49.637,164.308,200.394,231.457,254.577,26,10.478000000000009
Remy Meier-Smith,Fort William,48.484,163.338,199.56,230.648,254.591,27,10.492000000000019
Simon Chapelet,Fort William,48.646,163.007,199.663,230.888,254.64200000000002,28,10.543000000000035
Luke Meier-Smith,Fort William,48.085,163.561,200.974,231.64799999999997,255.19899999999996,29,11.099999999999966
Kye A'hern,Fort William,48.773,164.437,200.541,231.38099999999997,255.47699999999995,30,11.377999999999957
Max Hartenstern,Fort William,48.563,163.914,200.356,231.834,255.594,31,11.495000000000005
Angel Alonso Suarez,Fort William,48,164.37800000000001,201.305,232.558,255.92399999999998,32,11.824999999999989
Austin Dooley,Fort William,47.21,163.944,201.188,232.188,256.15999999999997,33,12.060999999999979
Henry Kerr,Fort William,48.853,165.278,200.819,232.04899999999998,256.395,34,12.295999999999992
Ryan Ryan Pinkerton,Fort William,49.153,163.622,200.582,232.808,256.45500000000004,35,12.356000000000051
Connor Fearon,Fort William,48.149,163.568,199.87700000000004,231.53900000000002,256.47400000000005,36,12.375000000000057
Dylan Maples,Fort William,49.322,165.75600000000003,201.63700000000003,232.45400000000004,256.65700000000004,37,12.55800000000005
Joe Breeden,Fort William,49.297,164.962,202.246,233.69,257.226,38,13.12700000000001
Douglas Vieira,Fort William,48.808,164.71099999999998,201.23399999999998,232.849,257.653,39,13.55400000000003
Martin Maes,Fort William,48.979,166.871,202.581,233.529,257.711,40,13.612000000000023
Gonçalo Bandeira,Fort William,49.196,163.913,201.653,233.427,257.82500000000005,41,13.726000000000056
Thomas Estaque,Fort William,48.663,165.164,201.87199999999999,233.29,257.94899999999996,42,13.849999999999966
Bodhi Kuhn,Fort William,48.756,166.207,201.791,233.296,258.158,43,14.059000000000026
Pau Busquets Menoyo,Fort William,49.095,163.757,201.054,233.63,258.259,44,14.160000000000025
Hugo Marini,Fort William,48.054,165.13700000000003,202.485,234.252,258.913,45,14.814000000000021
Oliver Zwar,Fort William,49.375,166.831,203.731,235.212,258.91700000000003,46,14.81800000000004
Tyler Ervin,Fort William,49.027,167.32999999999998,203.81799999999998,235.21899999999997,258.95199999999994,47,14.852999999999952
Brook Macdonald,Fort William,48.925,165.67899999999997,203.58499999999998,234.71599999999998,259.11199999999997,48,15.012999999999977
Davide Palazzari,Fort William,48.863,166.171,202.49099999999999,234.90999999999997,259.19899999999996,49,15.099999999999966
Nathan Pontvianne,Fort William,49.522,166.463,202.211,234.109,259.419,50,15.319999999999993
Jacob Dickson,Fort William,49.032,165.81,202.86800000000002,235.17900000000003,260.149,51,16.05000000000001
Luke Matthew Williamson,Fort William,49.505,165.87300000000002,203.58800000000002,235.82,260.211,52,16.112000000000023
Neko Mulally,Fort William,49.064,167.95,205.471,237.071,260.40999999999997,53,16.31099999999998
Taylor Vernon,Fort William,49.6,166.08100000000002,204.00900000000001,236.118,260.89099999999996,54,16.791999999999973
Luke Mumford,Fort William,48,165.12,202.12,235.232,260.996,55,16.89699999999999
Ethan George Craik,Fort William,48.447,167.55700000000002,204.388,236.21800000000002,261.012,56,16.91300000000001
Lino Lehmann,Fort William,49.414,167.451,205.841,237.50000000000003,261.13800000000003,57,17.039000000000044
Onni Rainio,Fort William,48.524,165.976,203.778,236.055,261.15700000000004,58,17.05800000000005
Michael Hannah,Fort William,47.917,166.878,205.235,237.235,261.269,59,17.170000000000016
Léo Abella,Fort William,49.528,169.132,206.141,237.926,261.323,60,17.22399999999999
Adam Brayton,Fort William,49.354,167.27999999999997,203.86699999999996,236.71799999999996,261.35,61,17.251000000000033
Dan Slack,Fort William,48.435,166.43099999999998,203.43099999999998,236.43099999999998,261.431,62,17.331999999999994
Oliver Davis,Fort William,49.243,166.369,203.61599999999999,236.331,261.48799999999994,63,17.388999999999953
Jamie Edmondson,Fort William,48.753,166.519,204.45499999999998,236.8,261.50700000000006,64,17.408000000000072
Thibault Laly,Fort William,48.531,167.368,205.275,236.737,261.731,65,17.632000000000005
Samuel Blenkinsop,Fort William,49.198,168.277,206.574,237.839,261.79200000000003,66,17.69300000000004
Ryan Pinkerton,Fort William,49.868,168.52,206.072,237.981,262.524,67,18.42500000000001
Matteo Iniguez,Fort William,48.725,170.292,206.48999999999998,238.59799999999998,262.6859999999999,68,18.586999999999932
Christopher Grice,Fort William,48.377,167.368,205.657,237.728,263.163,69,19.06400000000002
Douglas Goodwill,Fort William,50.499,168.017,206.661,238.409,263.167,70,19.067999999999984
Tuhoto-Ariki Pene,Fort William,49.988,168.97899999999998,206.923,239.218,263.22,71,19.121000000000038
George Brannigan,Fort William,48.419,167.16,205.37499999999997,237.50799999999998,263.222,72,19.12299999999999
Josh Turner,Fort William,49.192,166.411,204.947,237.442,263.278,73,19.17900000000003
Antoine Rogge,Fort William,49.85,169.94299999999998,207.66,240.57599999999994,263.7779999999999,74,19.678999999999917
Kirk Mcdowall,Fort William,50.24,169.177,207.121,239.873,263.823,75,19.72399999999999
Christopher Cumming,Fort William,49.292,166.005,205.565,238.14300000000003,264.086,76,19.987000000000023
Tegan Cruz,Fort William,49.443,168.704,205.90800000000002,238.69,264.26500000000004,77,20.166000000000054
Mark Wallace,Fort William,50.36,170.18200000000002,206.75,239.589,264.33,78,20.230999999999995
Seth Sherlock,Fort William,50.372,171.25099999999998,208.103,240.553,265.063,79,20.964
Lucas Cruz,Fort William,49.871,170.517,208.13400000000001,240.16,265.149,80,21.05000000000001
Sebastian Villa Holguin,Fort William,50.677,168.815,206.476,239.734,265.243,81,21.144000000000005
Toby Meek,Fort William,50.201,169.197,207.578,240.831,265.49799999999993,82,21.398999999999944
Joshua Arcus,Fort William,49.822,170.74099999999999,208.71099999999998,240.684,265.715,83,21.615999999999985
Baptiste Pierron,Fort William,50.516,170.058,208.126,240.718,265.744,84,21.64500000000004
James Macdermid,Fort William,50.179,169.67000000000002,206.397,239.668,265.785,85,21.686000000000035
Preston Williams,Fort William,49.575,170.485,208.008,240.504,266.212,86,22.113
Johan Garcin,Fort William,49.863,172.128,209.87599999999998,241.91799999999998,266.236,87,22.137
Harry Molloy,Fort William,50.041,171.43200000000002,209.713,241.825,266.264,88,22.16500000000002
Jack Piercy,Fort William,49.949,172.893,210.501,242.142,266.41700000000003,89,22.31800000000004
William Pope,Fort William,49.83,169.289,207.42000000000002,241.205,266.95799999999997,90,22.85899999999998
Juan Fernando Muñoz,Fort William,49.282,170.355,208.847,242.116,267.22,91,23.121000000000038
Daniel Liberal Castellanos,Fort William,51.044,171.869,209.82,242.63799999999998,267.364,92,23.264999999999986
Jackson Connelly,Fort William,50.692,171.37900000000002,209.37,242.098,267.452,93,23.35300000000001
Dante Silva,Fort William,49.311,170.519,208.80500000000004,241.96200000000002,267.491,94,23.391999999999996
Wyn Masters,Fort William,50.818,171.784,210.163,242.842,267.627,95,23.52800000000002
Nuno Reis,Fort William,49.58,170.261,208.434,241.684,267.671,96,23.572000000000003
Simen Smestad,Fort William,51.141,172.276,209.79600000000005,242.18900000000002,267.71000000000004,97,23.611000000000047
Raphael Iniguez,Fort William,49.655,173.143,211.095,244.382,267.75399999999985,98,23.65499999999986
Matthew Walker,Fort William,49.993,172.102,210.942,243.314,268.065,99,23.966000000000008
Gaëtan Vige,Fort William,50.135,171.473,209.357,242.678,268.18,100,24.081000000000017
Rory Kirk,Fort William,50.367,171.96,209.696,242.798,268.295,101,24.196000000000026
Evan Medcalf,Fort William,50.418,171.89,209.7,243.01699999999997,268.67099999999994,102,24.571999999999946
Luca Thurlow,Fort William,50.665,172.29500000000002,210.869,243.672,268.992,103,24.89300000000003
Kimi Viardot,Fort William,51.298,172.67399999999998,210.647,243.476,269.691,104,25.591999999999985
William Hynes,Fort William,51.578,171.514,212.074,245.079,270.187,105,26.088000000000022
Noel Niederberger,Fort William,50.679,175.41899999999998,214.291,246.623,270.839,106,26.74000000000001
Loïc Martin,Fort William,51.388,174.05700000000002,212.661,245.672,271.03100000000006,107,26.932000000000073
Erik Irmisch,Fort William,50.175,173.462,212.536,245.46599999999998,271.10900000000004,108,27.010000000000048
Jakob Jewett,Fort William,49.622,176.961,214.074,246.355,271.166,109,27.067000000000007
Alex Grandvallet Iscla,Fort William,51.543,174.929,213.42799999999997,246.86499999999998,271.587,110,27.488
Mael Gironde,Fort William,51.04,173.74,212.824,246.415,272.408,111,28.309000000000026
Colin Mcelyea,Fort William,51.344,174.698,213.268,246.723,272.56399999999996,112,28.464999999999975
Edward Masters,Fort William,49.987,173.685,213.856,247.374,273.051,113,28.951999999999998
Juan Fabregat Guillamón,Fort William,51.761,174.752,212.56,246.535,273.71500000000003,114,29.616000000000042
Gabriel Neron,Fort William,50.574,174.035,213.86,247.998,273.738,115,29.63900000000001
Kilian Schnoeller,Fort William,51.313,176.471,215.635,249.13,274.45,116,30.351
Charles Murray,Fort William,50.505,176.32,214.78099999999998,247.866,274.496,117,30.39699999999999
Rafael Sousa,Fort William,51.567,175.847,215.54700000000005,249.26300000000006,274.74000000000007,118,30.641000000000076
Steiner Julian,Fort William,51.209,175.659,216.227,250.298,275.09000000000003,119,30.991000000000042
Nico Lamm,Fort William,50.72,175.178,216.017,249.99699999999999,275.395,120,31.295999999999992
Jack Reading,Fort William,51.813,176.43200000000002,216.46,249.975,276,121,31.90100000000001
Jobe Gentle,Fort William,51.363,176.19,214.85399999999998,249.716,276.302,122,32.20300000000003
Angus Ferguson,Fort William,51.684,175.048,215.35399999999998,249.829,276.565,123,32.46600000000001
Arnau Miro Graslaub,Fort William,51.492,177.44899999999998,217.761,251.36500000000004,276.9100000000001,124,32.81100000000009
Florian Sirieix,Fort William,52.526,178.23,216.852,251.08,276.93100000000015,125,32.832000000000164
Thomas Ollier,Fort William,51.643,179.452,218.38600000000008,251.83500000000004,277.14700000000005,126,33.04800000000006
Lewis Carr,Fort William,51.171,176.015,217.433,250.75800000000004,277.3470000000001,127,33.248000000000104
Nico Arnold,Fort William,50.971,177.328,216.929,251.532,277.615,128,33.51600000000002
Benjamin Fouillit,Fort William,52.386,178.031,217.856,253.06699999999998,279.188,129,35.089
Ross Ennis,Fort William,53.872,183.92200000000003,222.82700000000003,257.37300000000005,283.27200000000005,130,39.17300000000006
Fridolin Amiguet,Fort William,53.197,184.828,224.32999999999998,258.384,284.175,131,40.07600000000002
Jono Jones,Fort William,53.177,183.845,225.06199999999998,259.18499999999995,284.54699999999997,132,40.44799999999998
Jesse Schulte,Fort William,53.24,186.198,227.61200000000002,262.35300000000007,288.083,133,43.98400000000004
Samuel Zbinden,Fort William,55.646,195.765,238.974,274.836,301.537,134,57.43799999999999
Stefano Introzzi,Fort William,49.375,199.969,261.4740000000001,294.74600000000004,320.9550000000001,135,76.85600000000011
Davide Cappello,Fort William,49.965,198.668,272.633,306.31699999999995,332.189,136,88.09000000000003
Antoine Pierron,Fort William,50.228,195.70499999999998,278.01,311.16100000000006,335.31600000000003,137,91.21700000000004
Josh Lancett-Edwards,Fort William,52.897,239.878,282.62,316.20000000000005,342.793,138,98.69400000000002
Philip Atwill,Fort William,51.433,266.914,305.677,339.77200000000005,367.869,139,123.77000000000004
Léo Grisel,Fort William,50.153,326.445,365.588,398.458,424.523,140,180.42400000000004
Antoine Vidal,Fort William,85.29599999999999,331.661,479.192,518.022,549,141,304.901
Dom Platt,Fort William,49,324,1017,1048.656,1073.927,142,829.828
Ronan Dunne,Bielsko-Biala,38.069,84.832,108.267,151.992,175.766,1,0
Loic Bruni,Bielsko-Biala,38.101,85.838,109.179,152.449,175.82999999999998,2,0.06399999999999295
Lachlan Stevens-Mcnab,Bielsko-Biala,38.641,85.053,108.039,151.71699999999998,175.932,3,0.16599999999999682
Loris Vergier,Bielsko-Biala,38.561,86.285,110.163,153.434,176.963,4,1.1970000000000027
Benoit Coulanges,Bielsko-Biala,39.306,85.869,109.589,153.198,177.326,5,1.5600000000000023
Amaury Pierron,Bielsko-Biala,39.34,86.777,109.969,153.643,177.596,6,1.8300000000000125
Luca Shaw,Bielsko-Biala,38.294,86.55199999999999,110.74600000000001,153.724,177.643,7,1.8770000000000095
Greg Williamson,Bielsko-Biala,39.031,86.098,109.76400000000001,153.901,178.188,8,2.421999999999997
Andreas Kolb,Bielsko-Biala,38.767,85.813,109.477,154.024,178.20600000000002,9,2.440000000000026
Angel Alonso Suarez,Bielsko-Biala,39.167,86.686,110.56,153.82,178.265,10,2.4989999999999952
Finn Iles,Bielsko-Biala,38.694,86.212,109.787,154.374,178.51899999999998,11,2.752999999999986
Oisin Callaghan O,Bielsko-Biala,38.091,85.599,109.896,154.188,178.53199999999998,12,2.765999999999991
Ethan George Craik,Bielsko-Biala,39.304,86.492,110.447,154.594,178.558,13,2.7920000000000016
Troy Brosnan,Bielsko-Biala,38.906,87.167,111.3,154.774,179.447,14,3.6810000000000116
Thibaut Daprela,Bielsko-Biala,38.9,87.443,111.149,155.375,179.623,15,3.8569999999999993
Bernard Kerr,Bielsko-Biala,38.696,86.681,111.048,155.38,179.82199999999997,16,4.055999999999983
Dakotah Norton,Bielsko-Biala,39.549,87.59700000000001,111.562,155.503,179.82999999999998,17,4.063999999999993
Remy Meier-Smith,Bielsko-Biala,39.566,89.078,113.08800000000002,157.46400000000003,181.29100000000003,18,5.525000000000034
Rémi Thirion,Bielsko-Biala,39.086,87.392,111.862,156.62199999999999,181.313,19,5.546999999999997
Oliver Davis,Bielsko-Biala,39.675,87.60300000000001,111.781,156.816,181.53300000000002,20,5.767000000000024
Charlie Hatton,Bielsko-Biala,39.583,88.412,113.15400000000001,157.038,181.572,21,5.806000000000012
Jordan Williams,Bielsko-Biala,40.369,89.124,112.895,157.39999999999998,181.62199999999999,22,5.8559999999999945
Jakob Jewett,Bielsko-Biala,39.855,88.543,113.006,157.96300000000002,181.947,23,6.181000000000012
Nathan Pontvianne,Bielsko-Biala,39.671,88.405,112.35900000000001,157.70600000000002,182.025,24,6.2590000000000146
Max Hartenstern,Bielsko-Biala,39.274,88.403,112.819,157.676,182.08299999999997,25,6.316999999999979
Dylan Maples,Bielsko-Biala,39.646,88.2,112.798,157.383,182.256,26,6.490000000000009
Henry Kerr,Bielsko-Biala,40.114,88.39699999999999,112.907,157.81400000000002,182.276,27,6.510000000000019
Ryan Pinkerton,Bielsko-Biala,39.328,88.807,112.923,158.164,182.51,28,6.744
Danny Hart,Bielsko-Biala,39.458,88.396,112.868,157.864,182.98000000000002,29,7.214000000000027
Dylan Levesque,Bielsko-Biala,39.507,88.56,113.663,158.171,183.08599999999998,30,7.319999999999993
Bodhi Kuhn,Bielsko-Biala,39.652,88.661,113.212,158.394,183.30200000000002,31,7.53600000000003
Laurie Greenland,Bielsko-Biala,39.713,88.67099999999999,113.106,158.78900000000002,183.35700000000003,32,7.591000000000037
Austin Dooley,Bielsko-Biala,39.429,88.907,114.098,158.863,183.678,33,7.912000000000006
Luke Meier-Smith,Bielsko-Biala,40.103,89.544,114.949,159.827,184.357,34,8.591000000000008
Dan Slack,Bielsko-Biala,39.973,88.49099999999999,113.71799999999999,159.00699999999998,184.375,35,8.609000000000009
Mark Wallace,Bielsko-Biala,40.618,90.761,116.007,161.003,185.558,36,9.792000000000002
Davide Palazzari,Bielsko-Biala,40.842,91.524,116.157,161.574,185.846,37,10.080000000000013
Davide Cappello,Bielsko-Biala,40.42,89.338,114.08500000000001,160.148,185.86100000000002,38,10.095000000000027
Thibault Laly,Bielsko-Biala,40.076,89.292,114.801,160.574,186.01500000000001,39,10.249000000000024
Thomas Estaque,Bielsko-Biala,39.623,89.356,114.92599999999999,160.565,186.031,40,10.265000000000015
Rastislav Baranek,Bielsko-Biala,40.351,89.989,115.589,160.852,186.057,41,10.290999999999997
Tegan Cruz,Bielsko-Biala,40.811,90.72200000000001,115.955,161.074,186.086,42,10.320000000000022
Antoine Rogge,Bielsko-Biala,39.952,89.719,115.113,161.597,186.306,43,10.54000000000002
Stefano Introzzi,Bielsko-Biala,40.463,90.887,115.843,161.52,186.494,44,10.728000000000009
Sebastian Villa Holguin,Bielsko-Biala,41.679,91.599,115.99499999999999,161.64100000000002,186.752,45,10.986000000000018
Johan Garcin,Bielsko-Biala,40.486,91.108,116.286,161.945,186.917,46,11.15100000000001
Dante Silva,Bielsko-Biala,40.352,90.16499999999999,115.176,161.137,187.029,47,11.263000000000005
Jacob Dickson,Bielsko-Biala,40.545,90.765,116.098,161.799,187.043,48,11.277000000000015
Samuel Blenkinsop,Bielsko-Biala,41.088,91.792,117.38,162.11,187.071,49,11.305000000000007
Theo Erglangsen,Bielsko-Biala,40.029,90.428,116.392,162.054,187.208,50,11.442000000000007
Matt Walker,Bielsko-Biala,40.271,90.639,116.601,162.31799999999998,187.308,51,11.542000000000002
Reece Wilson,Bielsko-Biala,40.824,91.22300000000001,116.74000000000001,162.274,187.454,52,11.688000000000017
Simon Maurer,Bielsko-Biala,40.775,90.92099999999999,116.40899999999999,161.65800000000002,187.45500000000004,53,11.68900000000005
Toby Meek,Bielsko-Biala,40.86,90.107,115.56099999999999,161.697,187.61700000000002,54,11.851000000000028
Gaëtan Vige,Bielsko-Biala,41.023,91.081,116.47000000000001,162.64600000000002,187.89900000000003,55,12.133000000000038
Brook Macdonald,Bielsko-Biala,40.899,91,117.034,162.575,187.908,56,12.141999999999996
Jack Piercy,Bielsko-Biala,40.834,90.957,116.963,162.70499999999998,187.92899999999997,57,12.162999999999982
Christopher Grice,Bielsko-Biala,41.208,91.144,117.20400000000001,163.082,188.114,58,12.348000000000013
Hannes Lehmann,Bielsko-Biala,40.341,90.571,116.018,162.98600000000002,188.496,59,12.730000000000018
Harry Molloy,Bielsko-Biala,40.841,91.687,117.996,163.077,188.82099999999997,60,13.054999999999978
Loris Revelli,Bielsko-Biala,41.552,91.533,117.31,164.11,189.968,61,14.201999999999998
Joe Breeden,Bielsko-Biala,41.03,91.839,118.044,164.097,189.986,62,14.219999999999999
Taylor Vernon,Bielsko-Biala,41.857,92.709,118.11099999999999,164.621,190.11,63,14.344000000000023
Henri Kiefer,Bielsko-Biala,41.317,92.193,117.511,165.04399999999998,190.239,64,14.473000000000013
Seth Sherlock,Bielsko-Biala,41.908,92.898,118.345,164.29399999999998,190.553,65,14.787000000000006
Kael Foale,Bielsko-Biala,41.931,93.144,118.757,164.779,190.571,66,14.805000000000007
Douglas Goodwill,Bielsko-Biala,42.054,93.152,118.456,165.204,190.721,67,14.955000000000013
Mael Gironde,Bielsko-Biala,41.522,92.293,118.048,165.101,190.728,68,14.962000000000018
Simen Smestad,Bielsko-Biala,41.99,93.30799999999999,119.27600000000001,165.264,190.743,69,14.977000000000004
Tuhoto-Ariki Pene,Bielsko-Biala,41.205,92.49799999999999,118.62700000000001,165.228,190.749,70,14.983000000000004
Adam Brayton,Bielsko-Biala,41.551,92.898,118.608,165.63400000000001,190.786,71,15.02000000000001
Simon Chapelet,Bielsko-Biala,41.114,91.439,116.86699999999999,164.66899999999998,190.795,72,15.028999999999996
Kye A'hern,Bielsko-Biala,41.256,93.033,119.238,165.186,190.814,73,15.048000000000002
Baptiste Pierron,Bielsko-Biala,41.5,92.619,118.587,165.539,191.048,74,15.28200000000001
Loïc Martin,Bielsko-Biala,41.572,93.25999999999999,118.547,165.787,191.144,75,15.378000000000014
Pau Busquets Menoyo,Bielsko-Biala,42,93.203,119.251,165.59500000000003,191.257,76,15.491000000000014
Wyn Masters,Bielsko-Biala,42.027,93.991,119.529,165.613,191.415,77,15.649000000000001
Kimi Viardot,Bielsko-Biala,42.655,93.801,118.71000000000001,166.393,191.463,78,15.697000000000003
Ian Guionnet,Bielsko-Biala,41.179,91.274,118.03399999999999,165.052,191.488,79,15.722000000000008
Luke Matthew Williamson,Bielsko-Biala,41.303,92.295,118.77000000000001,165.698,191.56,80,15.794000000000011
Hugo Marini,Bielsko-Biala,42.304,93.136,118.82,165.846,191.669,81,15.90300000000002
Luca Thurlow,Bielsko-Biala,42.19,93.487,119.223,166.699,191.864,82,16.098000000000013
Janis Lehmann,Bielsko-Biala,42.591,93.83500000000001,119.593,166.466,191.913,83,16.14700000000002
Hayden Stead,Bielsko-Biala,42.23,93.521,119.723,166.744,191.959,84,16.193000000000012
Tyler Ervin,Bielsko-Biala,42.222,93.188,119.604,165.952,191.96,85,16.194000000000017
Adam Rojcek,Bielsko-Biala,41.157,91.931,117.67699999999999,165.203,191.995,86,16.229000000000013
Gonçalo Bandeira,Bielsko-Biala,41.781,93.06,119.59899999999999,166.543,192.094,87,16.328000000000003
Juan Fernando Muñoz,Bielsko-Biala,40.822,94.02600000000001,119.914,167.326,192.11599999999999,88,16.349999999999994
Denis Kohut,Bielsko-Biala,42.287,93.661,118.767,165.41,192.13,89,16.364000000000004
Greg Minnaar,Bielsko-Biala,41.888,93.382,119.655,166.412,192.15,90,16.384000000000015
Raphael Iniguez,Bielsko-Biala,42.324,93.654,119.741,166.56,192.575,91,16.808999999999997
Jamie Edmondson,Bielsko-Biala,41.663,92.982,119.587,166.83100000000002,192.72,92,16.954000000000008
Wojciech Czermak,Bielsko-Biala,41.947,93.792,119.607,166.998,192.911,93,17.14500000000001
William Hynes,Bielsko-Biala,43.001,93.672,119.887,166.849,192.932,94,17.165999999999997
Léo Abella,Bielsko-Biala,42.521,94.197,120.249,167.055,193.078,95,17.312000000000012
Kirk Mcdowall,Bielsko-Biala,42.02,94.068,121.205,167.383,193.122,96,17.356000000000023
Arthur Perfillon,Bielsko-Biala,42.182,93.174,119.24000000000001,166.93200000000002,193.129,97,17.363
Joshua Arcus,Bielsko-Biala,41.861,94.541,120.91,167.53199999999998,193.139,98,17.37300000000002
Antoine Pierron,Bielsko-Biala,41.943,93.362,119.277,166.975,193.663,99,17.89700000000002
Jackson Connelly,Bielsko-Biala,42.42,94.263,121.147,167.787,193.848,100,18.082000000000022
Lino Lehmann,Bielsko-Biala,41.96,92.836,120.612,167.425,193.856,101,18.090000000000003
Neko Mulally,Bielsko-Biala,41.784,93.205,120.351,167.298,193.966,102,18.200000000000017
Noel Niederberger,Bielsko-Biala,42.017,93.09899999999999,119.413,167.66,194.05,103,18.28400000000002
Philip Atwill,Bielsko-Biala,41.885,93.538,119.644,167.799,194.06900000000002,104,18.303000000000026
Rory Kirk,Bielsko-Biala,43.246,94.583,120.489,167.841,194.091,105,18.325000000000017
Onni Rainio,Bielsko-Biala,40.838,92.77600000000001,118.57300000000001,166.997,194.131,106,18.36500000000001
Preston Williams,Bielsko-Biala,42.392,94.449,120.73,168.186,194.236,107,18.47
William Pope,Bielsko-Biala,42.192,93.306,119.326,167.347,194.518,108,18.75200000000001
Daniel Liberal Castellanos,Bielsko-Biala,42.998,95.24799999999999,122.114,169.238,194.842,109,19.076000000000022
Evan Medcalf,Bielsko-Biala,42.105,94.10499999999999,120.314,168.14600000000002,195.18,110,19.414000000000016
Noah Hofmann,Bielsko-Biala,42.045,94.49600000000001,121.502,169.441,195.431,111,19.66500000000002
Douglas Vieira,Bielsko-Biala,43.214,95.413,121.481,168.412,195.447,112,19.68100000000001
Nico Lamm,Bielsko-Biala,42.281,93.959,120.915,167.299,195.665,113,19.899
Oliver Zwar,Bielsko-Biala,47,98.393,123.815,169.6,195.689,114,19.923000000000002
Jan Pajak,Bielsko-Biala,42.672,94.626,120.716,169.82999999999998,196.403,115,20.637
Gabriel Neron,Bielsko-Biala,42.779,95.40899999999999,122.641,170.208,196.918,116,21.152000000000015
Sebastian Weinhandl,Bielsko-Biala,44.267,97.037,122.741,171.06,197.127,117,21.36100000000002
Ondrej Kolecík,Bielsko-Biala,42.733,95.556,122.253,170.861,197.128,118,21.361999999999995
Emile Rilat,Bielsko-Biala,43,95.71099999999998,122.72699999999999,170.736,197.37,119,21.604000000000013
Bryn Dickerson,Bielsko-Biala,42.899,96.306,122.994,170.776,197.844,120,22.078000000000003
Tomasso Campana,Bielsko-Biala,43.384,96.831,123.7,171.96800000000002,198.798,121,23.03200000000001
Sam Conroy,Bielsko-Biala,43.73,96.245,123.266,172.02,198.981,122,23.215000000000003
Thomas Ollier,Bielsko-Biala,43.058,96.342,123.054,172.488,199.066,123,23.30000000000001
Valentin Rohrmoser,Bielsko-Biala,42.108,94.125,122.52,172.19299999999998,199.517,124,23.751000000000005
Ross Kew,Bielsko-Biala,44.402,97.265,124.407,173.34,199.811,125,24.045000000000016
Fridolin Amiguet,Bielsko-Biala,43.296,98.35,125.641,173.653,200.14,126,24.373999999999995
Yuki Kushima,Bielsko-Biala,42.967,96.911,123.714,173.103,200.336,127,24.57000000000002
Jobe Gentle,Bielsko-Biala,42.648,95.102,120.338,172.845,200.401,128,24.63500000000002
Lewis Carr,Bielsko-Biala,42.536,101.34,126.895,174.36,200.437,129,24.67100000000002
Colin Mcelyea,Bielsko-Biala,41.847,94.423,120.248,173.471,200.975,130,25.209000000000003
Ross Ennis,Bielsko-Biala,44.249,97.89500000000001,125.285,174.531,201.132,131,25.366000000000014
Nikolas Kolle,Bielsko-Biala,44.559,98.449,125.366,175.615,202.554,132,26.78800000000001
Marius Perraudin,Bielsko-Biala,43.69,98.223,126.901,176.239,202.933,133,27.167
Samu Kauppinen,Bielsko-Biala,43.505,98.02799999999999,125.49,175.31900000000002,202.951,134,27.185000000000002
Jules Troillet,Bielsko-Biala,45.198,99.705,127.904,176.397,203.155,135,27.38900000000001
Angus Ferguson,Bielsko-Biala,43.731,96.95400000000001,125.435,176.115,203.325,136,27.558999999999997
Dani Sanchez Tell,Bielsko-Biala,44.895,99.55,127.559,176.81,204.14,137,28.373999999999995
James Macdermid,Bielsko-Biala,43.71,96.49799999999999,122.886,176.22999999999996,204.95899999999995,138,29.192999999999955
Steiner Julian,Bielsko-Biala,42.458,101.078,128.65699999999998,177.97299999999998,204.989,139,29.223000000000013
Nico Schlebes,Bielsko-Biala,44.483,100.282,129.352,178.178,206.34199999999998,140,30.575999999999993
Vladimír Srnenský,Bielsko-Biala,44.545,99.72399999999999,128.261,178.15,206.959,141,31.193000000000012
Karolis Krukauskas,Bielsko-Biala,45.129,100.49199999999999,128.77100000000002,179.788,207.386,142,31.620000000000005
Maximilian Heck,Bielsko-Biala,46.506,101.899,130.129,181.213,209.343,143,33.577
Samuel Zbinden,Bielsko-Biala,44.855,100.244,130.485,181.585,210.664,144,34.897999999999996
Siim Savik,Bielsko-Biala,45.937,106.39,135.632,186.256,214.171,145,38.405
Matouš Silovský,Bielsko-Biala,47,98.173,133.111,185.054,214.573,146,38.807000000000016
Armands Marcenkovs,Bielsko-Biala,46.477,103.805,132.882,185.38400000000001,218.023,147,42.257000000000005
Pawel Tyburski,Bielsko-Biala,46.502,103.95400000000001,133.777,184.871,221.68,148,45.914000000000016
George Brannigan,Bielsko-Biala,83.179,136.313,162.097,208.559,234.238,149,58.47200000000001
Karolis Gargasas,Bielsko-Biala,48.731,109.548,142.232,205.144,237.71800000000002,150,61.95200000000003
Valentin Chatanay,Bielsko-Biala,45.731,102.43200000000002,156.467,208.95499999999996,238.4,151,62.634000000000015
Christof Stulik,Bielsko-Biala,49.537,103.214,130.765,195.944,247.715,152,71.94900000000001
Arnau Miro Graslaub,Bielsko-Biala,47.329,138.422,166.088,219.902,249.688,153,73.922
Ziobro Michal,Bielsko-Biala,47.285,155.572,186.235,300.58299999999997,330.344,154,154.578
Tomas Peciukaitis,Bielsko-Biala,69,188.875,292.875,445.09900000000005,482.86,155,307.09400000000005
Loic Bruni,Leogang,32.28,75.93799999999999,113.28299999999999,151.74399999999997,184.02399999999997,1,0
Luca Shaw,Leogang,32.209,76.434,113.41499999999999,152.886,185.905,2,1.8810000000000286
Troy Brosnan,Leogang,32.466,76.612,115.072,154.147,186.132,3,2.1080000000000325
Oisin Callaghan O,Leogang,32.049,76.344,115.143,153.663,186.30100000000002,4,2.2770000000000437
Amaury Pierron,Leogang,32.717,77.13300000000001,115.13300000000001,154.242,187.291,5,3.2670000000000243
Bernard Kerr,Leogang,33.146,77.158,115.158,155.221,187.57,6,3.5460000000000207
Finn Iles,Leogang,32.428,75.764,113.764,154.18099999999998,187.58300000000003,7,3.5590000000000543
Benoit Coulanges,Leogang,32.698,76.616,114.437,153.91000000000003,187.79000000000002,8,3.766000000000048
Loris Vergier,Leogang,32.691,76.714,114.964,154.528,187.892,9,3.8680000000000234
Ronan Dunne,Leogang,32.711,77.13,116.23400000000001,154.531,187.907,10,3.883000000000038
Ethan George Craik,Leogang,32.846,77.536,116.456,155.476,188.279,11,4.255000000000024
Thibaut Daprela,Leogang,32.771,77.03999999999999,115.535,155.448,188.312,12,4.288000000000039
Lachlan Stevens-Mcnab,Leogang,33.039,77.72200000000001,115.10900000000001,155.48,188.363,13,4.339000000000027
Dakotah Norton,Leogang,32.829,77.22200000000001,115.71600000000002,155.86300000000006,188.69500000000005,14,4.6710000000000775
Andreas Kolb,Leogang,32.877,77.076,115.734,155.471,188.785,15,4.761000000000024
Danny Hart,Leogang,32.818,76.732,114.889,155.03300000000002,188.804,16,4.78000000000003
Matt Walker,Leogang,32.356,76.907,115.62,155.454,189.05200000000002,17,5.028000000000048
Henri Kiefer,Leogang,33.533,77.94800000000001,116.418,156.208,189.662,18,5.638000000000034
Ryan Kenneth Pinkerton,Leogang,32.906,77.753,116.647,156.238,189.70300000000003,19,5.679000000000059
Rémi Thirion,Leogang,33.269,78.774,117.74000000000001,157.609,189.995,20,5.971000000000032
Oliver Davis,Leogang,33.124,77.941,116.668,156.785,190.064,21,6.0400000000000205
Charlie Hatton,Leogang,33.389,78.257,116.467,157.119,190.119,22,6.095000000000027
Joe Breeden,Leogang,33,78.199,116.199,156.298,190.121,23,6.097000000000037
Greg Williamson,Leogang,33.135,78.131,116.15899999999999,157.869,190.69299999999998,24,6.669000000000011
Max Hartenstern,Leogang,33.889,79.071,116.554,156.837,190.72,25,6.696000000000026
Toby Meek,Leogang,33.315,77.582,117.044,157.442,190.916,26,6.892000000000024
Jordan Williams,Leogang,33.975,79.07,117.083,157.66,191.049,27,7.025000000000034
Jakob Jewett,Leogang,33.508,78.71600000000001,117.49200000000002,158.21500000000003,191.22700000000003,28,7.20300000000006
Kye A'hern,Leogang,33.663,79.096,117.287,157.76300000000003,191.27700000000002,29,7.253000000000043
Bodhi Kuhn,Leogang,33.739,78.65199999999999,117.62299999999999,158.00199999999998,191.326,30,7.302000000000021
Loris Revelli,Leogang,33.65,79.167,118.66499999999999,159.144,192.243,31,8.219000000000023
Remy Meier-Smith,Leogang,33.44,78.469,117.18,158.269,192.244,32,8.220000000000027
Antoine Pierron,Leogang,33.959,79.499,118.136,158.476,192.493,33,8.469000000000023
Thomas Estaque,Leogang,33.454,78.946,117.946,158.52499999999998,192.58599999999998,34,8.562000000000012
Reece Wilson,Leogang,34.023,80.262,118.843,159.373,192.641,35,8.617000000000019
Oliver Zwar,Leogang,34.041,79.386,117.703,158.023,192.688,36,8.664000000000016
Antoine Vidal,Leogang,33.756,79.495,117.206,158.821,192.849,37,8.825000000000017
Simon Chapelet,Leogang,33.646,78.071,117.124,158.59300000000002,192.93600000000004,38,8.912000000000063
Tyler Ervin,Leogang,33.896,79.608,117.608,159.233,192.98600000000002,39,8.962000000000046
Adam Brayton,Leogang,35.197,80.424,119.265,158.844,193.233,40,9.209000000000032
Angel Alonso Suarez,Leogang,33.963,80.53200000000001,119.04400000000001,160.10000000000002,193.395,41,9.371000000000038
Dylan Maples,Leogang,33.673,80.061,119.293,160.257,193.698,42,9.674000000000035
Dante Silva,Leogang,33.366,79.64,117.64,158.981,193.76399999999998,43,9.740000000000009
Luke Matthew Williamson,Leogang,33.7,79.365,118.365,159.86,193.93300000000002,44,9.909000000000049
Jackson Frew,Leogang,33.244,78.902,117.213,159.22899999999998,194.188,45,10.164000000000016
Jackson Connelly,Leogang,34.055,80.101,119.189,160.886,194.385,46,10.361000000000018
Jamie Edmondson,Leogang,33.741,79.227,118.157,160.135,194.475,47,10.451000000000022
Gonçalo Bandeira,Leogang,34.122,80.381,119.55199999999999,160.714,194.517,48,10.493000000000023
Greg Minnaar,Leogang,34.055,80.236,118.57900000000001,160.736,194.597,49,10.573000000000036
Jacob Dickson,Leogang,34.013,79.803,118.799,159.929,194.601,50,10.577000000000027
Stefano Introzzi,Leogang,33.949,80.492,119.492,161.49200000000002,194.67800000000003,51,10.654000000000053
Mark Wallace,Leogang,34.717,81.09,120.09,161.79,194.922,52,10.898000000000025
Baptiste Pierron,Leogang,34.506,80.545,120.524,161.19,194.933,53,10.90900000000002
Kirk Mcdowall,Leogang,34.294,80.223,119.723,161.054,195.084,54,11.06000000000003
Lino Lehmann,Leogang,35.019,81.547,120.212,160.513,195.128,55,11.104000000000013
Dan Slack,Leogang,33.739,78.666,118.629,161.255,195.31799999999998,56,11.294000000000011
Laurie Greenland,Leogang,33.884,78.685,118.39699999999999,160.397,195.397,57,11.373000000000019
Matteo Iniguez,Leogang,33.857,79.905,119.19200000000001,161.139,195.41500000000008,58,11.391000000000105
Sam Gale,Leogang,34.562,80.73400000000001,119.59899999999999,161.77799999999996,195.45399999999998,59,11.430000000000007
Simen Smestad,Leogang,34.609,80.583,119.583,162.04000000000002,195.877,60,11.853000000000037
Christopher Grice,Leogang,33.957,79.626,118.626,161.69400000000002,196.03500000000003,61,12.011000000000053
Christoph Handl,Leogang,35.219,81.09700000000001,120.702,161.62199999999999,196.04899999999998,62,12.025000000000006
Taylor Vernon,Leogang,33.949,79.718,119.183,162.183,196.183,63,12.15900000000002
Luke Meier-Smith,Leogang,34.904,81.309,118.54899999999999,162.221,196.228,64,12.204000000000036
Davide Cappello,Leogang,34,80.95700000000001,120.98700000000001,162.99599999999998,196.565,65,12.541000000000025
Sebastian Villa Holguin,Leogang,34.533,80.996,121.656,162.64600000000002,196.64600000000002,66,12.622000000000043
Philip Atwill,Leogang,34.379,79.91,120.718,162.71800000000002,196.981,67,12.957000000000022
Antoine Rogge,Leogang,34.566,80.696,120.382,162.516,197.143,68,13.119000000000028
Wyn Masters,Leogang,35.3,83.16499999999999,121.728,163.292,197.319,69,13.295000000000016
Austin Dooley,Leogang,33.735,80.271,119.103,163.024,197.512,70,13.488000000000028
Jack Piercy,Leogang,34,81,119,161.589,197.58599999999998,71,13.562000000000012
Léo Grisel,Leogang,33.865,80.935,120.767,162.50400000000002,198.282,72,14.258000000000038
Ignacio Felipe Galleguillos Agurto,Leogang,35,82,122.093,163.09300000000002,198.53700000000003,73,14.513000000000062
Loïc Martin,Leogang,35.407,82.736,123.02900000000001,164.029,198.557,74,14.533000000000015
Rastislav Baranek,Leogang,34.929,81.827,119.827,163.791,198.99,75,14.966000000000037
Nathan Pontvianne,Leogang,35.226,82.123,121.57400000000003,164.24400000000003,199.43600000000004,76,15.412000000000063
Dylan Levesque,Leogang,34.834,81.717,120.977,164.348,199.639,77,15.615000000000038
Brook Macdonald,Leogang,34.813,81.876,120.876,164.705,199.705,78,15.68100000000004
Samuel Blenkinsop,Leogang,35,83.35400000000001,121.91300000000001,165.27800000000002,199.865,79,15.841000000000037
Seth Sherlock,Leogang,35.598,83.004,122.91000000000001,165.149,199.914,80,15.890000000000015
Juan Fernando Muñoz,Leogang,35.215,81.492,121.918,163.85000000000002,199.97500000000002,81,15.95100000000005
Roger Vieira,Leogang,34.287,80.981,121.746,164.30700000000002,199.995,82,15.971000000000032
Dom Platt,Leogang,34.608,82.151,122.616,165.66899999999998,200.105,83,16.081000000000017
Johan Garcin,Leogang,36.02,83.292,122.65,165.434,200.38299999999995,84,16.35899999999998
Douglas Vieira,Leogang,34.58,81.678,120.678,164.678,200.464,85,16.440000000000026
Valentin Chatanay,Leogang,35.885,83.547,123.593,165.4,200.66700000000006,86,16.643000000000086
George Brannigan,Leogang,35.737,82.541,123.16300000000001,165.78000000000003,200.82300000000004,87,16.799000000000063
Denis Kohut,Leogang,35.353,83.517,123.124,165.204,200.975,88,16.951000000000022
Joshua Arcus,Leogang,35.816,82.569,121.896,165.686,201.025,89,17.001000000000033
Onni Rainio,Leogang,34.623,81.53399999999999,121.958,165.469,201.041,90,17.017000000000024
Raphael Iniguez,Leogang,35.013,82.342,121.19500000000001,164.65000000000003,201.07700000000006,91,17.053000000000083
William Pope,Leogang,36,83.90200000000002,123.21400000000001,166.92600000000002,201.16600000000003,92,17.142000000000053
Noel Niederberger,Leogang,35.728,83.993,123.572,166.254,201.18,93,17.156000000000034
Gabriel Neron,Leogang,35.37,82.14699999999999,122.14699999999999,165.505,201.226,94,17.202000000000027
Daniel Liberal Castellanos,Leogang,35.763,83.021,123.021,165.80399999999997,201.26299999999998,95,17.239000000000004
Janis Lehmann,Leogang,35.546,82.437,122.437,165.993,201.392,96,17.368000000000023
Luca Thurlow,Leogang,35.516,82.413,122.413,165.413,201.413,97,17.38900000000004
William Hynes,Leogang,35.771,83.606,122.606,165.476,201.45600000000002,98,17.432000000000045
Tuhoto-Ariki Pene,Leogang,35,83.75300000000001,122.36800000000001,165.43099999999998,201.572,99,17.54800000000003
Simon Maurer,Leogang,35.732,82.977,121.88,166.125,201.654,100,17.630000000000024
Rory Kirk,Leogang,35.48,83.976,123.616,166.15699999999998,201.73499999999999,101,17.711000000000013
Noah Hofmann,Leogang,35.87,83.877,124.214,167.539,201.765,102,17.741000000000014
James Macdermid,Leogang,34.684,82.684,123.684,165.696,201.976,103,17.952000000000027
Preston Williams,Leogang,34.715,81.626,122.141,166.14100000000002,202.14100000000002,104,18.117000000000047
Thibault Laly,Leogang,35.001,82.547,122.32999999999998,166.499,202.178,105,18.154000000000025
Evan Medcalf,Leogang,36.06,83.261,123.40099999999998,166.099,202.50699999999998,106,18.483000000000004
Constantin Ruetsch,Leogang,35.634,82.939,123.32599999999994,167.23999999999995,202.78799999999993,107,18.763999999999953
Tegan Cruz,Leogang,35.819,83.431,124.253,166.386,202.871,108,18.847000000000037
Kimi Viardot,Leogang,36.429,84.241,124.241,167.887,202.998,109,18.974000000000018
Kael Foale,Leogang,36.219,84.768,124.365,168.317,203.203,110,19.17900000000003
Harry Molloy,Leogang,35.846,84.446,123.274,167.76299999999998,203.20499999999998,111,19.18100000000001
Lewis Carr,Leogang,36.538,84.624,125.60199999999999,168.164,203.331,112,19.307000000000016
Nico Lamm,Leogang,35.475,82.55199999999999,122.83500000000001,167.012,203.35600000000002,113,19.33200000000005
Adam Rojcek,Leogang,35.651,82.919,122.44000000000001,167.13400000000001,203.38000000000002,114,19.35600000000005
Nathan Kitchen,Leogang,35.712,83.872,123.688,167.244,203.412,115,19.388000000000034
Ian Guionnet,Leogang,34.58,81.58,122.22000000000001,166.863,203.79899999999998,116,19.775000000000006
Colin Mcelyea,Leogang,36.356,84.344,123.826,168.571,204.571,117,20.547000000000025
Neko Mulally,Leogang,35.863,83.967,122.967,168.774,204.74699999999999,118,20.723000000000013
Hayden Stead,Leogang,36.744,86.482,126.401,169.698,204.75900000000001,119,20.735000000000042
Luka Berginc,Leogang,37,85.737,125.58899999999998,169.75799999999998,205.12599999999998,120,21.102000000000004
Arthur Perfillon,Leogang,35.868,84.298,124.69,168.665,205.27100000000002,121,21.247000000000043
Mael Gironde,Leogang,35.649,83.735,125.091,169.113,205.281,122,21.257000000000033
Henry Sherry,Leogang,36.561,85.264,125.264,169.594,205.38799999999998,123,21.364000000000004
Jed Stanton,Leogang,37,85.398,125.146,169.612,205.571,124,21.547000000000025
Léo Abella,Leogang,35.492,84.181,123.50699999999999,168.392,205.756,125,21.732000000000028
Julian Steiner,Leogang,37,86.497,125.497,169.98899999999998,206.135,126,22.11100000000002
Ondrej Kolecík,Leogang,36.625,85.911,125.911,171.303,206.655,127,22.63100000000003
Sebastian Weinhandl,Leogang,38.045,86.771,127.82699999999998,171.284,206.91099999999994,128,22.886999999999972
Tristan Lemire,Leogang,35.352,83.523,124.523,170.175,207.47500000000002,129,23.45100000000005
Cooper Downey,Leogang,37.029,85.30799999999999,127.208,170.204,207.61599999999999,130,23.592000000000013
Douglas Goodwill,Leogang,37.392,87.799,128.633,172.154,207.779,131,23.755000000000024
Troy Weinert,Leogang,36.685,85.919,127.895,171.549,207.927,132,23.90300000000002
Darcy Coutts,Leogang,37.072,85.839,125.941,170.739,207.929,133,23.90500000000003
Emile Rilat,Leogang,38,86.42499999999998,126.42499999999998,172.03799999999998,208.03799999999998,134,24.01400000000001
Tyler Zenoni,Leogang,36.383,84.986,125.986,171.30200000000002,208.30200000000002,135,24.27800000000005
Junior Paroz,Leogang,37.226,85.588,127.50300000000001,172.602,208.30900000000003,136,24.285000000000053
Ross Kew,Leogang,36.705,83.923,124.05799999999999,170.988,208.699,137,24.67500000000004
Nikolas Kolle,Leogang,36.724,86.895,128.03499999999997,172.13799999999998,208.81199999999995,138,24.787999999999982
Bryn Dickerson,Leogang,35.731,84.672,125.357,172.363,208.81799999999998,139,24.79400000000001
Hannes Lehmann,Leogang,36,86,125,172,209,140,24.976000000000028
Julien Markewitz,Leogang,38,87.539,128.34500000000003,172.70000000000002,209.33100000000002,141,25.307000000000045
Felix Bauer,Leogang,37.007,86.14699999999999,126.14699999999999,171.97399999999996,209.867,142,25.843000000000018
Marco Comerio,Leogang,37.946,87.493,128.818,173.65,209.894,143,25.870000000000033
Yuki Kushima,Leogang,37,86.30099999999999,128.301,172.868,210.68099999999998,144,26.65700000000001
Josh Lancett-Edwards,Leogang,37.806,87.408,128.83,172.887,210.887,145,26.863000000000028
Jobe Gentle,Leogang,36,84.42899999999999,124.63199999999999,172.055,211.055,146,27.031000000000034
Samu Kauppinen,Leogang,37.522,86.475,128.282,174.062,211.109,147,27.085000000000036
Riccardo Gramatica,Leogang,36.889,86.152,126.41600000000001,173.832,211.15099999999995,148,27.12699999999998
Marius Perraudin,Leogang,36.187,85.703,126.703,175.083,211.382,149,27.358000000000033
Angus Ferguson,Leogang,37.442,88.181,128.793,174.74099999999999,211.781,150,27.757000000000033
Florian Sirieix,Leogang,37.275,87.434,130.434,175.934,212.82500000000002,151,28.801000000000045
Stefan Garlicki,Leogang,38,88.08099999999996,129.08099999999996,176.34799999999996,212.95899999999995,152,28.934999999999974
Jules Troillet,Leogang,37.958,88.541,129.986,175.696,212.95900000000003,153,28.93500000000006
Ross Ennis,Leogang,38.182,89.939,131.54599999999996,177.36799999999997,213.43299999999996,154,29.408999999999992
Elliot Lees,Leogang,38.516,89.51599999999999,129.79500000000002,175.79500000000002,213.96100000000004,155,29.93700000000007
Ryker Kearl,Leogang,36.89,86.973,129.973,176.973,214.22500000000002,156,30.20100000000005
Steffen Smets,Leogang,38.314,89.05199999999999,129.011,176.639,214.33400000000006,157,30.310000000000088
Valentin Rohrmoser,Leogang,35.661,85.173,125.78900000000002,176.98900000000003,214.4190000000001,158,30.395000000000124
Arnau Miro Graslaub,Leogang,37.875,87.898,128.466,176.252,214.91899999999998,159,30.89500000000001
Toby Driscoll,Leogang,38,88,129,177,215,160,30.976000000000028
Antonio Blesa Royo,Leogang,39.265,91.247,133.63799999999998,178.87999999999997,215.68499999999997,161,31.661
Tetsuma Haguchi,Leogang,38.117,87.72200000000001,129.94,176.963,215.90699999999998,162,31.88300000000001
Dylan Conte,Leogang,38.702,89.886,130.387,178.48200000000003,216.94400000000002,163,32.920000000000044
Garrett Macintosh,Leogang,39.743,91.205,132.202,179.321,217.321,164,33.297000000000025
Maximilian Heck,Leogang,39.17,90.25,132.902,179.309,217.868,165,33.84400000000002
Dani Sanchez Tell,Leogang,38.24,90.701,132.6,179.426,218.34299999999996,166,34.31899999999999
Nico Gürber,Leogang,39.575,91.322,133.535,180.467,218.61,167,34.58600000000004
Kilian Buhl,Leogang,35.796,84.473,125.73299999999999,181.30599999999998,218.63599999999997,168,34.611999999999995
Jan Pajak,Leogang,36.837,85.946,126.946,184.946,221.13099999999994,169,37.10699999999997
Vladimír Srnenský,Leogang,39.586,93.311,134.349,184.952,223.603,170,39.579000000000036
Samuel Zbinden,Leogang,40,92,135,185,224,171,39.97600000000003
Antonio Juan Revolorio Martinez,Leogang,40.662,95.093,137.576,185.464,225.264,172,41.24000000000004
Pablo José Moreno Paredes,Leogang,41.043,95.035,139.63400000000001,190.686,229.609,173,45.585000000000036
Albertas Turba,Leogang,41.405,95.803,138.597,189.498,232.183,174,48.15900000000002
Hugo Marini,Leogang,34.676,82.214,121.90200000000004,165.94100000000003,234.62900000000013,175,50.60500000000016
Henry Kerr,Leogang,35.422,81.96600000000001,120.96600000000001,224.13099999999997,262.041,176,78.01700000000002
Gaëtan Vige,Leogang,36.091,84.875,125.53500000000003,248.53500000000003,284.82,177,100.79600000000002
Erik Irmisch,Leogang,38,91,134,218,289,178,104.97600000000003
Raimundo Montesinos Guzman,Leogang,40,95,134.354,266.35400000000004,305.51700000000005,179,121.49300000000008
Amaury Pierron,Val di Sole,45.961,103.771,150.744,184.542,219.004,1,0
Finn Iles,Val di Sole,46.342,105.357,153.099,188.559,223.544,2,4.5400000000000205
Dakotah Norton,Val di Sole,47.009,106.539,154.941,188.94,223.897,3,4.893000000000001
Troy Brosnan,Val di Sole,46.962,106.654,155.57500000000002,189.874,224.706,4,5.701999999999998
Loic Bruni,Val di Sole,46.766,107.62899999999999,155.933,190.892,226.371,5,7.367000000000019
Loris Vergier,Val di Sole,47.111,107.863,157.644,192.353,227.29600000000002,6,8.29200000000003
Andreas Kolb,Val di Sole,47.623,108.769,157.27100000000002,192.756,228.421,7,9.417000000000002
Ronan Dunne,Val di Sole,47.669,108.12700000000001,157.612,193.673,228.628,8,9.623999999999995
Oisin Callaghan O,Val di Sole,47.695,107.959,157.978,193.66000000000003,228.715,9,9.711000000000013
Dylan Maples,Val di Sole,48.658,109.70499999999998,158.39,194.08499999999998,229.108,10,10.104000000000013
Thibaut Daprela,Val di Sole,47.208,108.67,158.536,194.35500000000002,230.056,11,11.052000000000021
Luca Shaw,Val di Sole,48.566,110.342,160.719,195.648,230.855,12,11.850999999999999
Charlie Hatton,Val di Sole,48.448,109.132,159.335,195.087,231.099,13,12.094999999999999
Danny Hart,Val di Sole,47.649,109.631,159.60500000000002,195.61700000000002,231.18400000000003,14,12.180000000000035
Ryan Pinkerton,Val di Sole,47.79,108.959,158.734,194.861,231.554,15,12.550000000000011
Jakob Jewett,Val di Sole,49.759,110.271,160.207,196.12099999999998,231.78199999999998,16,12.777999999999992
Greg Williamson,Val di Sole,48.648,110.013,159.87,196.064,231.904,17,12.900000000000006
Rémi Thirion,Val di Sole,47.774,108.63,159.287,195.971,231.926,18,12.921999999999997
Joe Breeden,Val di Sole,47.569,108.7,158.70600000000002,194.956,232.26,19,13.256
Simon Chapelet,Val di Sole,47.519,108.932,160.148,196.149,232.29999999999998,20,13.295999999999992
Stefano Introzzi,Val di Sole,48.639,110.99600000000001,159.914,196.105,232.36499999999998,21,13.36099999999999
Angel Alonso Suarez,Val di Sole,47.362,107.542,160.926,196.422,232.65800000000002,22,13.654000000000025
Dante Silva,Val di Sole,47.892,110.33900000000001,160.67000000000002,196.561,232.782,23,13.77800000000002
Toby Meek,Val di Sole,47.063,109.088,159.765,196.392,232.998,24,13.994
Nathan Pontvianne,Val di Sole,47.908,111.51,162.27999999999997,198.182,233.27199999999996,25,14.267999999999972
Oliver Davis,Val di Sole,48.167,110.487,161.36,197.102,233.486,26,14.482
Matt Walker,Val di Sole,46.996,110.24000000000001,161.152,197.419,233.625,27,14.62100000000001
Benoit Coulanges,Val di Sole,48.619,111.144,161.726,197.778,234.147,28,15.143
Richard Jr Rude,Val di Sole,48.973,110.712,160.779,197.68099999999998,234.661,29,15.65700000000001
Sebastian Villa Holguin,Val di Sole,49.452,111.294,161.56400000000002,198.578,235.00000000000003,30,15.996000000000038
Luke Meier-Smith,Val di Sole,48.257,110.451,162.405,199.55200000000002,235.01200000000003,31,16.008000000000038
Bodhi Kuhn,Val di Sole,48.289,111.13300000000001,162.886,200.08200000000002,235.37800000000001,32,16.374000000000024
Greg Minnaar,Val di Sole,48.697,111.356,162.805,198.939,235.406,33,16.402000000000015
Lachlan Stevens-Mcnab,Val di Sole,48.883,112.115,162.91899999999998,200.21599999999998,235.67099999999996,34,16.666999999999973
Antoine Vidal,Val di Sole,49.708,111.99199999999999,163.042,199.66500000000002,236.09,35,17.086000000000013
Ethan George Craik,Val di Sole,47.789,110.67,163.04399999999998,200.558,236.46699999999998,36,17.462999999999994
Daniel Liberal Castellanos,Val di Sole,49.617,114.74199999999999,165.13400000000001,201.401,237.499,37,18.495000000000005
Kye A'hern,Val di Sole,49.87,113.73400000000001,164.982,201.487,237.564,38,18.560000000000002
Matteo Iniguez,Val di Sole,48.674,111.13,163.103,200.223,237.80400000000003,39,18.80000000000004
Samuel Blenkinsop,Val di Sole,49.332,112.931,165.253,201.858,237.997,40,18.993000000000023
Dan Slack,Val di Sole,48.417,111.17,163.413,201.656,238.073,41,19.069000000000017
Antoine Pierron,Val di Sole,50.353,113.79599999999999,164.168,200.821,238.11599999999999,42,19.111999999999995
Luke Matthew Williamson,Val di Sole,48.852,111.237,164.29,201.559,238.374,43,19.370000000000005
Douglas Vieira,Val di Sole,48.575,112.52199999999999,164.993,202.193,238.546,44,19.542
Oliver Zwar,Val di Sole,48.582,111.626,163.839,201.356,238.56,45,19.55600000000001
Thibault Laly,Val di Sole,48.486,111.675,164.12199999999999,202.002,239.129,46,20.125
Thomas Estaque,Val di Sole,49.35,113.29799999999999,165.00099999999998,202.91599999999997,239.47699999999998,47,20.472999999999985
Loïc Martin,Val di Sole,50.75,113.962,166.348,203.148,239.688,48,20.683999999999997
Mark Wallace,Val di Sole,49.14,112.804,165.617,202.573,239.882,49,20.878000000000014
Dylan Levesque,Val di Sole,48.84,113.196,165.724,203.618,240.507,50,21.503000000000014
Taylor Vernon,Val di Sole,49.723,114.383,167.46699999999998,204.5,240.533,51,21.528999999999996
Gonçalo Bandeira,Val di Sole,49.865,113.319,165.83100000000002,204.486,240.852,52,21.848000000000013
Tegan Cruz,Val di Sole,50.084,114.122,167.286,204.478,241.485,53,22.481000000000023
Simen Smestad,Val di Sole,50.348,113.925,166.527,204.566,242.151,54,23.14700000000002
Henry Kerr,Val di Sole,49.76,114.32300000000001,167.51700000000002,205.079,242.157,55,23.15300000000002
Adam Brayton,Val di Sole,50.316,115.315,168.543,206.40200000000002,242.67200000000003,56,23.668000000000035
Léo Grisel,Val di Sole,49.838,113.89699999999999,166.858,204.944,242.68,57,23.676000000000016
Dom Platt,Val di Sole,49.854,114.747,168,206.063,243.34099999999998,58,24.33699999999999
Jacob Dickson,Val di Sole,49.614,114.66399999999999,168.678,206.23999999999998,243.899,59,24.89500000000001
Roger Vieira,Val di Sole,50.269,116.328,168.954,207.781,245.48499999999999,60,26.480999999999995
Jack Piercy,Val di Sole,50.416,116.56800000000001,169.847,207.681,245.991,61,26.987000000000023
Antoine Rogge,Val di Sole,50.742,116.90100000000001,170.39,209.38400000000001,246.86599999999999,62,27.861999999999995
Tyler Ervin,Val di Sole,49.485,115.033,170.719,209.722,247.088,63,28.084000000000003
Gabriel Neron,Val di Sole,51.459,118.571,171.252,209.257,247.132,64,28.128000000000014
Ignacio Felipe Galleguillos Agurto,Val di Sole,50.322,117.78,171.30399999999997,210.04199999999997,247.26899999999998,65,28.264999999999986
Kimi Viardot,Val di Sole,51.282,118.025,172.523,211.198,247.725,66,28.721000000000004
William Pope,Val di Sole,51.069,117.705,170.984,209.495,248.04,67,29.036
Johan Garcin,Val di Sole,50.821,116.887,170.992,210.263,248.096,68,29.092000000000013
Remy Meier-Smith,Val di Sole,49.755,113.69900000000001,170.77300000000002,209.913,248.24099999999999,69,29.236999999999995
Kirk Mcdowall,Val di Sole,51.536,117.622,171.485,210.957,248.318,70,29.31400000000002
Jamie Edmondson,Val di Sole,49.717,116.039,171.714,211.19,248.514,71,29.51000000000002
Hannes Lehmann,Val di Sole,50.108,116.439,170.547,210.216,248.666,72,29.662000000000006
Loris Revelli,Val di Sole,50.99,116.405,171.482,210.97299999999998,248.75300000000001,73,29.749000000000024
Janis Lehmann,Val di Sole,51.2,117.493,171.558,210.267,248.933,74,29.929000000000002
Philip Atwill,Val di Sole,51.005,118.54399999999998,174.05,211.624,249.004,75,30
Hayden Stead,Val di Sole,51.478,117.90299999999999,173.43,212.179,250.244,76,31.24000000000001
Simon Maurer,Val di Sole,51.802,118.30699999999999,173.34499999999997,212.68999999999997,250.64399999999998,77,31.639999999999986
Rory Kirk,Val di Sole,52.611,120.583,175.316,213.338,251.103,78,32.09900000000002
Seth Sherlock,Val di Sole,50.852,115.83100000000002,169.34300000000002,208.303,251.205,79,32.20100000000002
Lino Lehmann,Val di Sole,51.791,119.338,174.211,213.952,251.427,80,32.423
Brook Macdonald,Val di Sole,50.681,119.888,175.256,214.14600000000002,251.694,81,32.69
Matthew Walker,Val di Sole,50.934,118.295,173.751,213.749,251.909,82,32.905
Adam Rojcek,Val di Sole,51.619,118.84,173.881,214.299,252.184,83,33.18000000000001
Jackson Connelly,Val di Sole,52.034,120.495,175.612,214.594,252.365,84,33.36100000000002
James Macdermid,Val di Sole,52.926,122.636,176.461,215.00000000000003,252.62800000000001,85,33.624000000000024
Luca Thurlow,Val di Sole,50.912,118.68,175.115,215.415,253.04999999999998,86,34.04599999999999
Laurie Greenland,Val di Sole,51.436,120.09300000000002,175.573,214.744,253.061,87,34.057000000000016
Neko Mulally,Val di Sole,50.643,117.42099999999999,173.487,214.429,253.269,88,34.265000000000015
Luka Berginc,Val di Sole,51.507,119.24100000000001,175.324,215.262,253.358,89,34.35400000000001
Preston Williams,Val di Sole,50.447,117.661,173.55599999999998,215.821,253.623,90,34.619
Harry Molloy,Val di Sole,52.065,121.016,176.586,216.747,254.575,91,35.571
George Brannigan,Val di Sole,50.519,118.86699999999999,174.777,216.439,255.483,92,36.47900000000001
Austin Dooley,Val di Sole,49.262,115.949,180.792,218.85,255.697,93,36.69300000000001
Raphael Iniguez,Val di Sole,51.6,121.19199999999998,177.786,217.662,256.145,94,37.14099999999999
Marco Comerio,Val di Sole,54.072,123.232,177.538,217.272,256.525,95,37.52099999999999
Sokratis Zotos,Val di Sole,53.789,121.947,177.494,217.44400000000002,256.561,96,37.55699999999999
Douglas Goodwill,Val di Sole,52.752,121.06800000000001,178.517,218.305,256.622,97,37.61800000000002
Ross Ennis,Val di Sole,53.778,123.017,179.961,220.115,257.846,98,38.84200000000001
Evan Medcalf,Val di Sole,58.824,126.711,180.294,219.94299999999998,258.14,99,39.135999999999996
Theo Erlangsen,Val di Sole,52.82,122.76599999999999,178.182,218.642,258.14099999999996,100,39.13699999999997
Cooper Downey,Val di Sole,52.921,122.38299999999998,178.517,218.88,258.178,101,39.17400000000001
Marcello Pesenti,Val di Sole,52.433,122.113,178.572,220.067,258.582,102,39.578
Henry Sherry,Val di Sole,54.094,125.25799999999998,180.76799999999997,220.58199999999997,259.6859999999999,103,40.68199999999993
Jed Stanton,Val di Sole,53.698,122.65900000000002,177.91200000000003,220.00500000000002,260.187,104,41.18300000000002
Christopher Grice,Val di Sole,49.388,116.78300000000002,172.47000000000003,218.55200000000002,261.105,105,42.10100000000003
Jobe Gentle,Val di Sole,53.107,122.545,182.681,222.225,261.35,106,42.34600000000003
Bryn Dickerson,Val di Sole,52.003,121.587,179.949,222.002,261.785,107,42.781000000000034
Troy Weinert,Val di Sole,53.837,125.889,183.898,223.945,262.152,108,43.147999999999996
Julian Steiner,Val di Sole,52.7,121.899,178.732,221.423,262.327,109,43.32300000000001
Tyler Zenoni,Val di Sole,53.024,121.671,180.372,222.074,262.381,110,43.37699999999998
William Hynes,Val di Sole,53.446,125.374,182.873,222.742,262.441,111,43.43699999999998
Emile Rilat,Val di Sole,52.743,121.10999999999999,183.627,225.017,265.263,112,46.258999999999986
Florian Sirieix,Val di Sole,54.118,125.89599999999999,184.875,225.813,265.996,113,46.99199999999999
Jan Pajak,Val di Sole,53.528,125.34699999999998,183.17899999999997,226.87699999999998,266.639,114,47.63500000000002
Junior Paroz,Val di Sole,52.894,124.21100000000001,184.522,227.715,267.236,115,48.232
Dylan Conte,Val di Sole,55.196,126.508,185.392,227.481,267.819,116,48.815000000000026
Darcy Coutts,Val di Sole,53.732,126.465,186.328,229.499,268.422,117,49.418000000000035
Kael Foale,Val di Sole,51.482,119.316,191.56799999999998,230.559,268.48,118,49.47600000000003
Tetsuma Haguchi,Val di Sole,54.584,129.327,188.62,231.695,271.313,119,52.309
Elliot Lees,Val di Sole,54.724,126.71099999999998,185.747,229.609,272.034,120,53.03
Dani Sanchez Tell,Val di Sole,56.197,130.469,190.315,232.561,272.629,121,53.62500000000003
Hugo Marini,Val di Sole,52.681,131.523,190.273,232.945,272.79,122,53.78600000000003
Sam Conroy,Val di Sole,56.922,131.456,192.696,235.647,276.103,123,57.09900000000002
Jules Troillet,Val di Sole,56.354,128.24599999999998,196,237.31199999999998,277.282,124,58.27799999999999
Yuki Kushima,Val di Sole,53.16,134.413,194.88100000000003,236.73900000000003,277.322,125,58.31800000000001
Garrett Macintosh,Val di Sole,56.555,130.766,190.72,235.851,277.557,126,58.553000000000026
Davide Cappello,Val di Sole,50.628,118.917,175.332,237.837,279.512,127,60.50800000000001
Colin Mcelyea,Val di Sole,51.019,119.143,176.993,241.383,283.33299999999997,128,64.32899999999998
Pablo José Moreno Paredes,Val di Sole,58.261,135.90099999999998,199.82299999999998,244.29999999999998,286.49199999999996,129,67.48799999999997
Arnau Miro Graslaub,Val di Sole,55.041,134.62,198.713,244.625,287.624,130,68.62000000000003
Velin Doychev,Val di Sole,57.731,133.922,199.42000000000002,249.173,290.92,131,71.91600000000003
Valentin Rohrmoser,Val di Sole,55.076,130.97,202.02,253.987,296.61,132,77.60600000000002
Julien Markewitz,Val di Sole,55.598,137.248,213.69799999999998,255.98799999999997,297.29599999999994,133,78.29199999999994
Antonio Juan Revolorio Martinez,Val di Sole,57.341,134.939,208.234,254.286,297.804,134,78.79999999999998
Angus Ferguson,Val di Sole,52.868,120.297,214.786,257.812,299.926,135,80.922
Ross Kew,Val di Sole,52.979,122.672,193.189,233.311,300.145,136,81.14099999999999
Wyn Masters,Val di Sole,52.095,117.101,175.495,279.904,319.713,137,100.70900000000003
Ian Guionnet,Val di Sole,52.977,121.589,240.215,284.165,325.637,138,106.63300000000001
Lewis Carr,Val di Sole,51.916,120.955,180.505,299.486,339.59000000000003,139,120.58600000000004
Albertas Turba,Val di Sole,61.756,161.78,284.939,340.219,384.575,140,165.571
Dakotah Norton,Les Gets,32.802,80.023,134.19,168.279,199.086,1,0
Amaury Pierron,Les Gets,32.666,79.769,134.739,168.665,199.82999999999998,2,0.7439999999999714
Rémi Thirion,Les Gets,32.612,79.24600000000001,133.87400000000002,168.31700000000004,200.96200000000005,3,1.8760000000000332
Loic Bruni,Les Gets,32.584,80.428,135.272,170.21999999999997,201.08499999999998,4,1.9989999999999668
Dylan Maples,Les Gets,33.863,81.776,136.33800000000002,169.925,201.39900000000003,5,2.3130000000000166
Finn Iles,Les Gets,33.132,79.606,134.94,170.044,201.814,6,2.72799999999998
Benoit Coulanges,Les Gets,33.08,80.622,136.41699999999997,171.481,202.69,7,3.603999999999985
Ethan George Craik,Les Gets,33.052,80.261,136.157,172.309,203.959,8,4.8729999999999905
Luca Shaw,Les Gets,32.505,83.22099999999998,138.19699999999997,172.61499999999998,204.07399999999998,9,4.987999999999971
Andreas Kolb,Les Gets,32.469,81.663,136.58799999999997,172.082,204.086,10,5
Ryan Kenneth Pinkerton,Les Gets,33.212,82.33800000000002,137.687,172.80900000000003,204.324,11,5.2379999999999995
Troy Brosnan,Les Gets,32.228,81.265,136.79500000000002,172.677,204.41500000000002,12,5.329000000000008
Thomas Estaque,Les Gets,33.643,82.197,138.13299999999998,172.928,204.48699999999997,13,5.400999999999954
Thibaut Daprela,Les Gets,33.139,81.49000000000001,137.363,173.834,205.603,14,6.516999999999996
Luke Meier-Smith,Les Gets,33.19,83.163,139.32799999999997,174.23399999999998,205.64399999999998,15,6.557999999999964
Max Hartenstern,Les Gets,33.03,82.256,138.034,174.186,205.71800000000002,16,6.632000000000005
Charlie Hatton,Les Gets,33.511,82.18100000000001,138.247,173.997,205.726,17,6.639999999999986
Loris Vergier,Les Gets,33.006,81.337,137.56900000000002,174.113,205.799,18,6.712999999999994
Oliver Davis,Les Gets,32.925,82.405,138.143,173.528,205.967,19,6.881
Remy Meier-Smith,Les Gets,33.472,83.97399999999999,139.19799999999998,173.944,206.07199999999997,20,6.985999999999962
Stefano Introzzi,Les Gets,33.445,82.871,139,174.098,206.287,21,7.200999999999993
Jack Piercy,Les Gets,33.576,84.35199999999999,139.349,174.736,206.40699999999998,22,7.3209999999999695
Nathan Pontvianne,Les Gets,33.571,84.774,140.289,174.285,206.472,23,7.385999999999996
Matteo Iniguez,Les Gets,33.528,82.22400000000002,139.48600000000002,174.734,206.852,24,7.765999999999991
Greg Minnaar,Les Gets,32.914,81.807,139.724,175.452,207.149,25,8.062999999999988
Antoine Vidal,Les Gets,33.529,83.542,140.403,175.874,207.253,26,8.166999999999973
Davide Cappello,Les Gets,33.663,82.244,139.67600000000002,175.47400000000002,207.39700000000002,27,8.311000000000007
Ronan Dunne,Les Gets,33.069,85.595,140.855,176.086,207.90300000000002,28,8.817000000000007
Danny Hart,Les Gets,33.286,82.124,138.44299999999998,175.659,208.01199999999997,29,8.92599999999996
Thibault Laly,Les Gets,33.164,84.22399999999999,140.83999999999997,176.62599999999998,208.35899999999998,30,9.272999999999968
Oliver Zwar,Les Gets,34.371,83.737,140.973,176.593,208.545,31,9.458999999999975
Austin Dooley,Les Gets,33.084,85.313,141.546,177.249,208.716,32,9.629999999999995
Philip Atwill,Les Gets,33.614,86.02199999999999,141.524,175.98399999999998,208.73,33,9.643999999999977
Lachlan Stevens-Mcnab,Les Gets,33.464,88.179,143.339,178.15200000000002,208.747,34,9.661000000000001
Jakob Jewett,Les Gets,33.265,86.96600000000001,142.894,177.471,208.915,35,9.82899999999998
Tuhoto-Ariki Pene,Les Gets,33.306,83.89599999999999,140.65999999999997,177.34699999999995,208.97799999999995,36,9.891999999999939
Kirk Mcdowall,Les Gets,33.729,85.38399999999999,142.016,177.13899999999998,208.992,37,9.905999999999977
Simen Smestad,Les Gets,33.987,84.271,141.61,177.95600000000002,209.89000000000001,38,10.804000000000002
Luca Thurlow,Les Gets,33.635,85.47299999999998,142.135,177.771,209.986,39,10.899999999999977
Brook Macdonald,Les Gets,33.565,84.475,142.26399999999998,178.41799999999998,210.02599999999998,40,10.93999999999997
Taylor Vernon,Les Gets,34.088,82.505,140.629,178.147,210.136,41,11.049999999999983
Dante Silva,Les Gets,33.539,83.641,141.594,178.161,210.286,42,11.199999999999989
Daniel Liberal Castellanos,Les Gets,34.469,87.78300000000002,143.28400000000002,178.43000000000004,210.34600000000006,43,11.260000000000048
Mark Wallace,Les Gets,34.164,85.912,142.101,178.018,210.35,44,11.263999999999982
Bernard Kerr,Les Gets,33.508,87.589,143.438,179.208,210.512,45,11.425999999999988
Davide Palazzari,Les Gets,33.56,88.069,144.371,178.639,210.716,46,11.629999999999995
Douglas Vieira,Les Gets,34.222,82.906,140.66400000000002,178.70100000000002,210.853,47,11.766999999999996
Antoine Pierron,Les Gets,34.322,84.269,140.923,178.408,210.85899999999998,48,11.772999999999968
Léo Abella,Les Gets,33.367,85.075,142.71,179.209,210.879,49,11.792999999999978
Luke Matthew Williamson,Les Gets,33.784,83.332,142.419,178.57,211.071,50,11.984999999999985
Loris Revelli,Les Gets,34.447,84.26,141.962,178.981,211.15399999999997,51,12.067999999999955
Richard Jr Rude,Les Gets,33.808,84.98500000000001,142.00400000000002,179.579,211.245,52,12.158999999999992
Bodhi Kuhn,Les Gets,33.974,88.931,144.204,179.98600000000002,211.55100000000002,53,12.465000000000003
Henry Kerr,Les Gets,33.649,84.918,142.834,179.277,211.63299999999998,54,12.546999999999969
Sam Gale,Les Gets,34.529,85.382,143.702,179.749,211.924,55,12.837999999999994
Christopher Grice,Les Gets,34.344,82.56,142.089,179.18200000000002,212.02300000000002,56,12.937000000000012
Roger Vieira,Les Gets,34.593,82.843,141.68099999999998,179.45399999999998,212.15699999999995,57,13.070999999999941
Kimi Viardot,Les Gets,34.733,86.62100000000001,143.335,179.445,212.328,58,13.24199999999999
Dom Platt,Les Gets,34.493,85.343,143.049,179.849,212.371,59,13.284999999999997
Ignacio Felipe Galleguillos Agurto,Les Gets,34.551,84.34200000000001,142.589,179.507,212.674,60,13.587999999999994
Oisin Callaghan O,Les Gets,32.813,87.004,145.118,180.72299999999998,212.73,61,13.643999999999977
Dylan Levesque,Les Gets,33.473,82.99999999999999,141.92,180.18599999999998,212.779,62,13.692999999999984
Raphael Iniguez,Les Gets,33.542,84.464,143.77300000000002,180.735,212.92100000000002,63,13.835000000000008
Evan Medcalf,Les Gets,34.35,83.69800000000001,141.82600000000002,179.859,213.127,64,14.040999999999997
Kye A'hern,Les Gets,33.549,89.277,146.008,181.528,213.25900000000001,65,14.173000000000002
George Brannigan,Les Gets,34.026,84.14,143.04899999999998,181.149,213.642,66,14.555999999999983
Dan Slack,Les Gets,33.47,84.834,143.689,180.593,213.728,67,14.641999999999996
Samuel Blenkinsop,Les Gets,34.092,84.28299999999999,142.99699999999996,182.03099999999998,213.92999999999998,68,14.843999999999966
Sebastian Villa Holguin,Les Gets,34.963,85.017,143.67399999999998,180.64299999999997,214.36299999999997,69,15.276999999999958
Jamie Edmondson,Les Gets,33.527,86.49600000000001,144.558,182.50300000000001,214.449,70,15.363
Léo Grisel,Les Gets,34.075,88.319,145.6,181.84,214.457,71,15.370999999999981
Jacob Dickson,Les Gets,34.629,86.474,144.94400000000002,181.743,214.55700000000002,72,15.471000000000004
Loïc Martin,Les Gets,34.552,88.116,144.319,181.634,214.875,73,15.788999999999987
Matt Walker,Les Gets,32.905,81.456,144.932,182.43200000000002,215.05800000000002,74,15.972000000000008
Ian Guionnet,Les Gets,34.371,85.96100000000001,144.55800000000002,182.39200000000002,215.061,75,15.974999999999994
Gonçalo Bandeira,Les Gets,33.89,89.956,147.117,183.392,215.663,76,16.576999999999998
Wyn Masters,Les Gets,33.809,90.111,147.885,183.703,215.673,77,16.58699999999999
Simon Chapelet,Les Gets,33.573,84.003,145.857,183.188,215.772,78,16.68599999999998
Adam Brayton,Les Gets,33.482,89.273,147.21,183.863,215.78900000000002,79,16.703000000000003
Michael Hannah,Les Gets,33.946,85.292,144.468,183.67199999999997,215.88099999999997,80,16.79499999999996
Joe Breeden,Les Gets,34.923,86.912,145.944,183.331,215.95499999999998,81,16.86899999999997
Vincent Tupin,Les Gets,35.23,84.356,144.231,182.832,216.102,82,17.01599999999999
Toby Meek,Les Gets,34.573,85.47200000000001,145.063,183.721,216.481,83,17.394999999999982
Tyler Ervin,Les Gets,33.181,86.732,145.187,183.53300000000002,216.704,84,17.617999999999995
Theo Erlangsen,Les Gets,33.56,89.602,147.954,185.053,216.80599999999998,85,17.71999999999997
Ross Kew,Les Gets,34.635,88.78800000000001,146.99,184.342,217.105,86,18.018999999999977
Tristan Botteram,Les Gets,33.818,90.315,148.627,185.44,217.29199999999997,87,18.20599999999996
William Hynes,Les Gets,35.069,85.578,146.453,184.744,217.90800000000002,88,18.822000000000003
Colin Mcelyea,Les Gets,34.325,86.28200000000001,146.37900000000002,185.77500000000003,218.34000000000003,89,19.25400000000002
Johan Garcin,Les Gets,33.788,90.17699999999999,148.341,184.654,218.48700000000008,90,19.401000000000067
Preston Williams,Les Gets,34.445,86.482,147.401,185.668,218.56900000000002,91,19.483000000000004
Jackson Connelly,Les Gets,34.373,90.466,149.197,186.35,218.66299999999998,92,19.57699999999997
Mathieu Balizet,Les Gets,35.406,90.56899999999999,148.424,185.71,218.789,93,19.702999999999975
James Macdermid,Les Gets,34.634,89.37199999999999,148.253,185.618,218.809,94,19.722999999999985
Nathan Kitchen,Les Gets,34.499,88.103,147.55399999999997,186.47899999999998,218.87899999999996,95,19.79299999999995
Daniel Booker,Les Gets,34.131,91.878,149.733,187.202,219.216,96,20.129999999999995
Harry Molloy,Les Gets,34.251,89.353999999999985,148.33499999999998,187.01099999999997,219.38599999999997,97,20.299999999999955
Nuno Reis,Les Gets,35.513,88.019,147.68900000000002,185.622,219.41500000000002,98,20.329000000000008
Janis Lehmann,Les Gets,35.003,91.431,149.239,186.585,219.58100000000002,99,20.495000000000005
Neko Mulally,Les Gets,34.404,87.16400000000002,147.25800000000004,186.73100000000002,219.816,100,20.72999999999999
Onni Rainio,Les Gets,34.61,89.17699999999999,148.00199999999998,186.849,219.986,101,20.899999999999977
Adam Rojcek,Les Gets,34.561,92.126,150.614,187.511,220.387,102,21.300999999999988
Tristan Lemire,Les Gets,34.711,88.28900000000002,148.548,187.092,220.398,103,21.311999999999983
William Pope,Les Gets,34.199,86.076,147.819,186.928,220.854,104,21.768
Lino Lehmann,Les Gets,33.842,91.956,151.327,189.019,221.261,105,22.174999999999983
Juan Fernando Muñoz,Les Gets,34.43,84.816,150.698,188.47400000000002,221.57700000000003,106,22.491000000000014
Tegan Cruz,Les Gets,34.187,92.939,151.538,189.266,222.63,107,23.543999999999983
Anthony Poulson,Les Gets,35.3,92.263,151.272,188.647,222.952,108,23.865999999999985
Kael Foale,Les Gets,35.805,91.91400000000002,151.558,190.337,223.31,109,24.22399999999999
Pascal Reusser,Les Gets,34.42,91.78399999999999,151.77100000000002,189.815,223.595,110,24.508999999999986
Felix Bauer,Les Gets,35.378,88.00099999999999,149.74499999999998,190.57799999999995,223.93299999999996,111,24.84699999999995
Darcy Coutts,Les Gets,35.722,89.281,150.267,190.89600000000002,224.216,112,25.129999999999995
Rory Kirk,Les Gets,35.142,93.575,153.558,192.365,224.239,113,25.15299999999999
Stefan Garlicki,Les Gets,34.94,87.655,149.476,189.745,224.583,114,25.496999999999986
Nicolas Brochet,Les Gets,35.388,94.834,154.187,192.121,225.171,115,26.08499999999998
Matyas Hromadka,Les Gets,36.326,91.22999999999999,151.786,192.423,225.326,116,26.23999999999998
Christoph Handl,Les Gets,34.406,92.581,152.073,192.444,225.378,117,26.291999999999973
Loris Michellod,Les Gets,35.823,88.745,153.039,191.519,225.41,118,26.323999999999984
Cooper Downey,Les Gets,35.141,94.319,153.288,192.109,225.422,119,26.335999999999984
Sam Conroy,Les Gets,36.432,92.987,153.01099999999997,192.32099999999997,225.68699999999998,120,26.60099999999997
Matthew Walker,Les Gets,34.598,93.87,153.99,192.773,225.697,121,26.61099999999999
Nicolas Baechler,Les Gets,34.609,92.396,154.454,193.569,226.027,122,26.940999999999974
Tomasso Campana,Les Gets,35.769,89.92599999999999,152.886,192.475,226.131,123,27.044999999999987
Pau Busquets Menoyo,Les Gets,34.827,92.875,152.99,192.477,226.535,124,27.448999999999984
Bryn Dickerson,Les Gets,34.467,93.886,154.875,194.785,227.678,125,28.591999999999985
Noel Niederberger,Les Gets,35.483,96.11699999999999,155.937,194.39,228.249,126,29.162999999999982
Junior Paroz,Les Gets,36.709,95.92099999999999,156.349,195.176,228.746,127,29.659999999999997
Yuki Kushima,Les Gets,35.499,94.781,155.497,194.878,228.869,128,29.782999999999987
Jobe Gentle,Les Gets,36.142,95.589,156.083,194.733,228.96699999999998,129,29.880999999999972
Jed Stanton,Les Gets,35.191,88.78699999999998,156.986,196.077,229.11999999999998,130,30.033999999999963
Douglas Goodwill,Les Gets,35.107,95.16,155.78,195.78,229.16,131,30.073999999999984
Antonio Blesa Royo,Les Gets,36.696,91.98599999999999,154.724,195.147,229.36399999999998,132,30.277999999999963
Ross Ennis,Les Gets,36.33,96.896,157.21699999999998,195.795,229.786,133,30.69999999999999
Lewis Carr,Les Gets,33.684,91.893,156.415,196.089,229.945,134,30.85899999999998
Pedro Fernandes,Les Gets,36.121,91.434,154.40099999999998,195.482,230.606,135,31.519999999999982
Josh Turner,Les Gets,36.061,90.904,153.84,196.19400000000002,230.827,136,31.740999999999985
Edward Masters,Les Gets,35.56,94.85300000000001,156.994,197.303,231.346,137,32.25999999999999
Niall Clerkin,Les Gets,36.179,97.691,159.391,200.058,233.781,138,34.69499999999999
Tomas Barreiros,Les Gets,36.488,98.064,160.425,200.05,233.849,139,34.76299999999998
Erik Irmisch,Les Gets,36.133,97.6,159.605,200.222,233.972,140,34.885999999999996
Samu Kauppinen,Les Gets,36.765,98.082,159.243,200.02,234.183,141,35.09699999999998
Kélian Vanreusel,Les Gets,36.255,94.471,158.83800000000002,199.609,234.43900000000002,142,35.35300000000001
Rafael Sousa,Les Gets,34.995,95.679,158.846,200.083,234.622,143,35.536
Ryker Kearl,Les Gets,37.172,95.035,159.009,200.334,235.352,144,36.26599999999999
Elliot Lees,Les Gets,37.441,95.54299999999998,159.60999999999999,202.14799999999997,236.14099999999996,145,37.05499999999995
Tetsuma Haguchi,Les Gets,36.342,90.41099999999999,151.52999999999997,202.37599999999998,237.68499999999997,146,38.59899999999996
Yannick Baechler,Les Gets,34.679,92.212,167.972,206.159,239.703,147,40.61699999999999
Julien Markewitz,Les Gets,37.565,97.719,159.91899999999998,203.822,239.72199999999998,148,40.63599999999997
Nico Schlebes,Les Gets,36.192,99.481,163.106,205.78300000000002,240.022,149,40.93599999999998
Julian Steiner,Les Gets,35.124,90.24900000000001,165.5,207.827,241.80700000000002,150,42.721000000000004
Lorenzo Jorge Alonso Guarello,Les Gets,37.012,100.956,165.901,208.962,243.214,151,44.127999999999986
Kei Nakai,Les Gets,37.769,98.12699999999998,165.92199999999997,209.33599999999998,244.54599999999996,152,45.45999999999995
Gabriel Kvålseth,Les Gets,38.566,102.163,169.555,211.595,246.047,153,46.960999999999984
David Carlos Martins Ferreira,Les Gets,36.749,100.666,166.249,210.831,247.177,154,48.09099999999998
Samuel Zbinden,Les Gets,37.849,104.238,170.84,215.108,249.647,155,50.56099999999998
Antonio Juan Revolorio Martinez,Les Gets,38.424,105.851,173.572,217.154,253.652,156,54.565999999999974
Jesse Schulte,Les Gets,37.256,102.718,166.738,226.757,261.64300000000003,157,62.557000000000016
Kilian Schnoeller,Les Gets,35.046,85.958,205.139,244.627,278.125,158,79.03899999999999
Albertas Turba,Les Gets,38.496,114.506,193.399,244.942,281.24,159,82.154
Tyler Zenoni,Les Gets,37.728,142.216,256.216,301.488,336.685,160,137.599
Christopher Cumming,Les Gets,36.532,190.051,372.382,457.786,491,161,291.914
David Trummer,Les Gets,36.375,90.275,370.068,506.818,541,162,341.914
Wojciech Czermak,Les Gets,36.392,208.07999999999998,664.855,1023.479,1169,163,969.914
Loic Bruni,Loudenvielle,36.725,101.47299999999998,168.58299999999997,194.85899999999998,215.16899999999995,1,0
Amaury Pierron,Loudenvielle,37.802,104.07400000000001,170.653,196.734,217.186,2,2.0170000000000528
Ronan Dunne,Loudenvielle,37.325,103.437,171.46,197.98600000000002,218.46900000000002,3,3.300000000000068
Reece Wilson,Loudenvielle,39.325,104.35300000000001,172.57,198.48299999999998,218.605,4,3.4360000000000355
Finn Iles,Loudenvielle,37.262,102.32,170.821,198.483,219.386,5,4.217000000000041
Benoit Coulanges,Loudenvielle,38.014,104.83700000000002,173.966,199.366,219.648,6,4.479000000000042
Rémi Thirion,Loudenvielle,39.697,105.896,173.751,199.493,219.681,7,4.512000000000057
Thibaut Daprela,Loudenvielle,38.444,104.54,172.929,199.454,219.76100000000002,8,4.59200000000007
Matteo Iniguez,Loudenvielle,38.486,105.44999999999999,174.32099999999997,200.49099999999996,220.47699999999998,9,5.308000000000021
Andreas Kolb,Loudenvielle,39.043,105.77799999999999,174.168,200.416,220.55800000000002,10,5.389000000000067
Lachlan Stevens-Mcnab,Loudenvielle,38.386,104.685,174.37800000000001,201.088,220.83700000000002,11,5.668000000000063
Thomas Estaque,Loudenvielle,38.218,104.381,173.498,200.309,221.13,12,5.961000000000041
Laurie Greenland,Loudenvielle,38.075,103.614,173.89,200.989,221.615,13,6.446000000000055
Loris Vergier,Loudenvielle,38.81,105.328,174.99,201.877,221.757,14,6.588000000000051
Luca Shaw,Loudenvielle,38.199,103.912,173.776,200.941,221.888,15,6.719000000000051
Oisin Callaghan O,Loudenvielle,40.016,107.542,175.793,201.96,221.907,16,6.738000000000056
Danny Hart,Loudenvielle,39.236,106.03299999999999,174.894,201.719,222.684,17,7.515000000000043
Oliver Zwar,Loudenvielle,38.976,104.681,174.43,201.71,222.839,18,7.670000000000044
Taylor Vernon,Loudenvielle,38.834,105.051,175.075,202.671,223.08100000000002,19,7.912000000000063
Davide Palazzari,Loudenvielle,39.44,106.523,175.454,202.161,223.129,20,7.960000000000036
Luke Meier-Smith,Loudenvielle,37.677,103.93299999999999,174.478,202.091,223.18200000000002,21,8.013000000000062
Dom Platt,Loudenvielle,39.867,106.72899999999998,175.628,202.832,223.40699999999998,22,8.238000000000028
Ryan Pinkerton,Loudenvielle,37.71,105.273,175.383,202.488,223.428,23,8.259000000000043
Aaron Gwin,Loudenvielle,39.461,105.842,176.273,203.441,223.442,24,8.273000000000053
Greg Minnaar,Loudenvielle,39.05,105.413,175.96800000000002,203.429,224.03900000000002,25,8.870000000000061
Angel Alonso Suarez,Loudenvielle,39.093,103.47800000000001,175.675,203.433,224.254,26,9.085000000000036
Kirk Mcdowall,Loudenvielle,39.093,105.874,175.897,202.997,224.329,27,9.160000000000053
Davide Cappello,Loudenvielle,38.992,105.78299999999999,175.123,202.916,224.43200000000002,28,9.263000000000062
Charlie Hatton,Loudenvielle,39.678,106.938,176.103,203.636,224.784,29,9.615000000000038
Dakotah Norton,Loudenvielle,38.746,104.475,176.88400000000001,203.853,224.86599999999999,30,9.697000000000031
Tuhoto-Ariki Pene,Loudenvielle,38.307,105.14500000000001,175.93099999999998,204.036,224.898,31,9.729000000000042
Matt Walker,Loudenvielle,38.282,106.167,176.517,203.969,224.925,32,9.756000000000057
Dante Silva,Loudenvielle,38.271,104.386,175.492,203.662,225.216,33,10.047000000000054
Bernard Kerr,Loudenvielle,39.235,107.67,177.511,204.906,225.272,34,10.103000000000037
Henri Kiefer,Loudenvielle,39.087,105.983,176.63,203.686,225.438,35,10.269000000000034
Samuel Blenkinsop,Loudenvielle,38.585,104.72800000000001,176.377,204.445,225.55,36,10.381000000000057
Dylan Maples,Loudenvielle,39.527,107.685,177.939,205.04500000000002,225.56,37,10.391000000000048
Henry Kerr,Loudenvielle,39.35,103.506,176.97899999999998,204.77100000000002,225.672,38,10.503000000000043
Luca Thurlow,Loudenvielle,40.56,108.76599999999999,178.348,205.281,225.921,39,10.752000000000038
Gonçalo Bandeira,Loudenvielle,39.294,106.73400000000001,177.153,204.796,226.136,40,10.967000000000041
Hugo Marini,Loudenvielle,39.226,107.319,177.378,204.925,226.159,41,10.990000000000038
Nathan Pontvianne,Loudenvielle,39.88,109.69899999999998,179.41499999999996,206.34299999999996,226.24999999999997,42,11.081000000000017
Antoine Vidal,Loudenvielle,38.912,106.85,178.28300000000002,205.582,226.32,43,11.151000000000039
Joe Breeden,Loudenvielle,39.566,106.134,176.373,205.132,226.417,44,11.248000000000047
Jacob Dickson,Loudenvielle,39.04,106.22299999999998,177.087,205.219,226.853,45,11.684000000000054
Gaëtan Vige,Loudenvielle,39.419,107.314,177.503,205.86599999999999,227.008,46,11.839000000000055
Baptiste Pierron,Loudenvielle,40.28,108.763,178.414,206.072,227.357,47,12.188000000000045
Oliver Davis,Loudenvielle,38.241,104.916,172.40800000000002,206.64600000000002,227.524,48,12.355000000000047
Max Hartenstern,Loudenvielle,38.223,106.01599999999999,177.97,205.927,227.633,49,12.464000000000055
Sebastian Villa Holguin,Loudenvielle,40.462,108.977,178.96,206.92000000000002,227.641,50,12.472000000000037
Loris Revelli,Loudenvielle,40.017,107.60999999999999,178.707,206.353,227.666,51,12.497000000000043
Jamie Edmondson,Loudenvielle,38.824,106.669,178.30599999999998,206.057,227.68,52,12.511000000000053
Hugo Frixtalon,Loudenvielle,39.432,108.52000000000001,179.325,206.434,227.74,53,12.571000000000055
Stefano Introzzi,Loudenvielle,40.023,107.53899999999999,178.976,206.826,227.81900000000002,54,12.650000000000063
Simon Chapelet,Loudenvielle,38.731,106.239,179.566,207.588,228.421,55,13.252000000000038
Simen Smestad,Loudenvielle,39.435,107.833,179.335,207.826,228.834,56,13.665000000000049
Johnathan Helly,Loudenvielle,40.626,108.888,181.234,207.99099999999999,228.913,57,13.744000000000057
Luke Matthew Williamson,Loudenvielle,39.187,106.114,178.27100000000002,207.282,229.138,58,13.969000000000051
Seth Sherlock,Loudenvielle,39.492,108.34700000000001,179.77100000000002,208.256,229.27100000000002,59,14.10200000000006
Remy Meier-Smith,Loudenvielle,39.481,109.244,180.508,208.203,229.352,60,14.18300000000005
Lino Lehmann,Loudenvielle,38.962,106.69,179.513,208.18,229.573,61,14.404000000000053
Daniel Liberal Castellanos,Loudenvielle,39.157,108.187,181.448,208.877,229.613,62,14.444000000000045
Tegan Cruz,Loudenvielle,38.737,107.52600000000001,179.603,208.164,229.698,63,14.529000000000053
Thibault Laly,Loudenvielle,39.174,107.969,180.484,208.357,230.392,64,15.223000000000042
Wyn Masters,Loudenvielle,39.687,108.39500000000001,180.877,208.921,230.52,65,15.351000000000056
Douglas Vieira,Loudenvielle,40.078,109.65,182.144,209.985,230.722,66,15.553000000000054
Raphael Iniguez,Loudenvielle,37.735,105.84,179.836,208.531,230.84199999999998,67,15.67300000000003
Douglas Goodwill,Loudenvielle,39.077,107.485,180.187,209.179,230.852,68,15.68300000000005
Antoine Pierron,Loudenvielle,39.486,109.584,182.357,210.016,230.99,69,15.821000000000055
Toby Meek,Loudenvielle,39.224,108.18299999999999,181.119,209.373,231.21,70,16.041000000000054
Tyler Ervin,Loudenvielle,38.773,108.32499999999999,182.176,210.215,231.351,71,16.182000000000045
Mark Wallace,Loudenvielle,40.627,108.30199999999999,181.31,210.101,231.695,72,16.52600000000004
Dan Slack,Loudenvielle,40.788,109.53,182.162,209.933,231.739,73,16.57000000000005
Loïc Martin,Loudenvielle,39.904,110.631,183.17,210.877,231.992,74,16.823000000000036
Elliot Vallon,Loudenvielle,38.735,106.394,181.716,210.131,232.026,75,16.857000000000056
Jackson Connelly,Loudenvielle,40.728,109.46000000000001,182.502,210.982,232.394,76,17.22500000000005
Philip Atwill,Loudenvielle,40.837,111.798,183.108,210.843,232.46699999999998,77,17.29800000000003
Antoine Rogge,Loudenvielle,40.502,109.40299999999999,182.82,211.065,232.506,78,17.337000000000046
Christopher Grice,Loudenvielle,39.286,107.878,182.648,211.234,233.07999999999998,79,17.91100000000003
Evan Medcalf,Loudenvielle,40.909,109.88900000000001,182.683,210.786,233.659,80,18.490000000000038
Austin Dooley,Loudenvielle,38.11,104.37100000000001,184.18,212.70600000000002,234.188,81,19.019000000000034
Ross Kew,Loudenvielle,40.442,109.232,182.733,212.67000000000002,234.375,82,19.206000000000046
Léo Grisel,Loudenvielle,39.939,109.64599999999999,180.113,212.974,234.732,83,19.563000000000045
Aris Sokratis Zotos,Loudenvielle,40.904,111.619,184.935,214.002,235.132,84,19.96300000000005
Janis Lehmann,Loudenvielle,40.849,110.756,184.668,213.13,235.353,85,20.184000000000054
Léo Abella,Loudenvielle,40.113,110.428,185.364,214.454,235.867,86,20.698000000000036
Jackson Frew,Loudenvielle,39.62,109.197,183.711,213.371,235.929,87,20.760000000000048
Johan Garcin,Loudenvielle,39.084,106.555,178.15800000000002,214.297,235.988,88,20.819000000000045
Denis Kohut,Loudenvielle,40.981,110.30199999999999,184.409,213.64,236.723,89,21.55400000000006
Adam Brayton,Loudenvielle,40.028,111.52600000000001,185.633,214.939,236.949,90,21.780000000000058
Colin Mcelyea,Loudenvielle,40.073,111.517,186.356,215.131,237.042,91,21.873000000000047
Juan Fabregat Guillamón,Loudenvielle,40.535,111.277,186.09,215.16,237.135,92,21.966000000000037
Preston Williams,Loudenvielle,40.231,111.34100000000001,185.42,215.12,237.155,93,21.986000000000047
Kimi Viardot,Loudenvielle,40.104,114.49000000000001,189.306,216.958,237.422,94,22.253000000000043
Theo Erlangsen,Loudenvielle,40.614,109.815,185.926,215.138,237.977,95,22.80800000000005
Christopher Cumming,Loudenvielle,40.857,109.32900000000001,185.156,215.84199999999998,238.219,96,23.05000000000004
Harry Molloy,Loudenvielle,40.593,110.97,187.076,216.34,238.22899999999998,97,23.06000000000003
Ross Ennis,Loudenvielle,41.037,112.245,187.443,216.702,238.459,98,23.29000000000005
Jack Piercy,Loudenvielle,39.288,108.477,188.889,217.10399999999998,238.602,99,23.43300000000005
James Macdermid,Loudenvielle,41.688,113.12100000000001,187.148,217.142,238.873,100,23.704000000000036
Kélian Vanreusel,Loudenvielle,41.613,112.411,187.779,217.049,239.55,101,24.381000000000057
Roger Vieira,Loudenvielle,40.108,109.62899999999999,181.529,218.019,239.814,102,24.64500000000004
Erik Irmisch,Loudenvielle,41.464,112.556,187.567,216.813,239.822,103,24.65300000000005
Julian Steiner,Loudenvielle,39.433,109.017,187.231,217.558,240.803,104,25.634000000000043
Gabriel Giovannini,Loudenvielle,41.291,112.731,185.951,220.293,242.842,105,27.67300000000006
Juan Fernando Muñoz,Loudenvielle,38.531,111.238,191.005,220.3,242.948,106,27.779000000000053
Cameron Clemett,Loudenvielle,41.7,112.619,191.678,221.45,243.751,107,28.58200000000005
Magnus Manson,Loudenvielle,38.99,106.47999999999999,181.62,211.098,244.145,108,28.976000000000056
Elliot Lees,Loudenvielle,43.057,114.445,192.553,222.358,245.402,109,30.233000000000033
Rafael Sousa,Loudenvielle,42.397,114.24699999999999,192.98699999999997,223.73499999999999,247.29699999999997,110,32.128000000000014
Rory Kirk,Loudenvielle,39.312,106.604,191.461,229.603,251.608,111,36.43900000000005
Nico Schlebes,Loudenvielle,41.43,114.70400000000001,197.087,228.81799999999998,253.296,112,38.12700000000004
Matthew Empey,Loudenvielle,41.417,113.712,196.215,229.17000000000002,253.737,113,38.56800000000004
Sam Conroy,Loudenvielle,40.455,112.652,190.721,230.765,254.221,114,39.05200000000005
Jasper Barrett,Loudenvielle,40.955,111.688,198.227,235.014,257.719,115,42.55000000000004
Kilian Schnoeller,Loudenvielle,39.757,109.34100000000001,204.011,235.70499999999998,257.803,116,42.63400000000004
Duke Millington,Loudenvielle,42.434,118.956,202.78300000000002,241.249,263.41700000000003,117,48.248000000000076
Bodie Heflin,Loudenvielle,43.353,119.59,208.762,239.963,263.904,118,48.73500000000004
Antonio Blesa Royo,Loudenvielle,43.569,117.564,210.59,242.903,267.091,119,51.922000000000054
Rød Laurits Sondre Goska,Loudenvielle,44.14,120.217,208.97899999999998,243.29,267.459,120,52.29000000000005
Adam Rojcek,Loudenvielle,39.666,108.535,214.497,245.311,268.684,121,53.51500000000007
Archie O'mahoney,Loudenvielle,43.462,117.324,219.199,252.139,276.733,122,61.56400000000005
Leonard Sacha,Loudenvielle,74.753,149.309,227.473,257.855,280.466,123,65.29700000000005
Yuki Kushima,Loudenvielle,42.891,116.97800000000001,218.257,257.427,280.864,124,65.69500000000002
Lewis Carr,Loudenvielle,40.492,130.126,244.957,275.129,297.903,125,82.73400000000007
Stefan Garlicki,Loudenvielle,39.998,109.17499999999998,247.069,275.793,298.989,126,83.82000000000002
David Trummer,Loudenvielle,40.433,110.649,251.439,283.155,306.549,127,91.38000000000002
Oxel Zanguitu Minguez,Loudenvielle,46.337,125.316,207.251,327.009,351.783,128,136.61400000000006
Greg Williamson,Loudenvielle,39.135,105.916,298.085,352.294,389.234,129,174.06500000000003
Nico Gürber,Loudenvielle,43.219,117.708,416.79499999999996,457.03399999999993,481.21799999999996,130,266.049
Troy Brosnan,Mont-Sainte-Anne,40.25,101.74900000000001,145.848,199.127,221.955,1,0
Bernard Kerr,Mont-Sainte-Anne,40.798,101.519,145.84199999999998,200.012,222.46699999999998,2,0.511999999999972
Dakotah Norton,Mont-Sainte-Anne,41.401,102.703,146.366,199.727,222.87900000000002,3,0.9240000000000066
Andreas Kolb,Mont-Sainte-Anne,39.889,101.43299999999999,145.073,199.592,223.157,4,1.2019999999999982
Matt Walker,Mont-Sainte-Anne,39.517,100.733,144.91,200.086,223.273,5,1.3179999999999836
Loic Bruni,Mont-Sainte-Anne,40.821,102.007,145.856,200.726,223.732,6,1.7769999999999868
Ronan Dunne,Mont-Sainte-Anne,40.413,102.28999999999999,146.004,200.945,223.84599999999998,7,1.8909999999999627
Finn Iles,Mont-Sainte-Anne,40.72,102.564,146.492,201.079,224.067,8,2.1119999999999948
Dylan Maples,Mont-Sainte-Anne,41.394,102.74000000000001,146.336,201.55,224.60900000000004,9,2.654000000000025
Aaron Gwin,Mont-Sainte-Anne,40.084,102.071,146.239,200.97899999999998,224.653,10,2.697999999999979
Jakob Jewett,Mont-Sainte-Anne,41.038,103.72800000000001,147.299,201.389,224.65800000000002,11,2.703000000000003
Benoit Coulanges,Mont-Sainte-Anne,41.297,103.305,147.551,201.808,225.04500000000002,12,3.0900000000000034
Ryan Pinkerton,Mont-Sainte-Anne,41.565,103.316,146.915,201.678,225.198,13,3.242999999999995
Thibaut Daprela,Mont-Sainte-Anne,41.047,101.61,146.201,201.94699999999997,225.37999999999997,14,3.4249999999999545
Luca Shaw,Mont-Sainte-Anne,40.947,103.33100000000002,147.02,202.43800000000002,225.40900000000002,15,3.4540000000000077
Lachlan Stevens-Mcnab,Mont-Sainte-Anne,41.608,103.766,147.92000000000002,202.85300000000004,225.85300000000004,16,3.8980000000000246
Luke Meier-Smith,Mont-Sainte-Anne,40.598,102.892,147.462,203.04899999999998,226.20199999999997,17,4.246999999999957
Max Hartenstern,Mont-Sainte-Anne,41.264,103.53,147.91,202.911,226.314,18,4.3589999999999804
Angel Alonso Suarez,Mont-Sainte-Anne,40.941,103.798,148.93,202.93,226.388,19,4.432999999999993
Oliver Davis,Mont-Sainte-Anne,41.279,102.988,146.76999999999998,202.73499999999999,226.407,20,4.451999999999998
Laurie Greenland,Mont-Sainte-Anne,41.388,103.413,147.90800000000002,203.392,226.564,21,4.6089999999999804
Loris Vergier,Mont-Sainte-Anne,41.633,103.464,148.736,203.79499999999996,226.97699999999995,22,5.0219999999999345
Thomas Estaque,Mont-Sainte-Anne,41.297,104.13300000000001,148.52,203.516,227.194,23,5.238999999999976
Rémi Thirion,Mont-Sainte-Anne,41.483,104.33699999999999,148.46699999999998,203.71699999999998,227.42199999999997,24,5.466999999999956
Antoine Vidal,Mont-Sainte-Anne,41.586,105.27199999999999,149.63199999999998,204.642,227.606,25,5.650999999999982
Richard Jr Rude,Mont-Sainte-Anne,41.39,104.431,149.428,204.568,227.791,26,5.835999999999984
Oisin Callaghan O,Mont-Sainte-Anne,42.106,104.46100000000001,148.173,204.116,227.893,27,5.937999999999988
Reece Wilson,Mont-Sainte-Anne,41.596,104.84,150.065,205.131,228.198,28,6.242999999999995
Kirk Mcdowall,Mont-Sainte-Anne,41.251,104.812,149.223,204.817,228.318,29,6.3629999999999995
Danny Hart,Mont-Sainte-Anne,41.147,104.219,148.79500000000002,204.865,228.703,30,6.7479999999999905
Kasper Woolley,Mont-Sainte-Anne,42.529,105.51599999999999,150.05599999999998,205.286,228.77499999999998,31,6.819999999999965
Greg Minnaar,Mont-Sainte-Anne,41.176,104.775,150.32999999999998,205.685,229.013,32,7.057999999999993
Antoine Pierron,Mont-Sainte-Anne,41.938,104.244,149.411,205.307,229.053,33,7.097999999999985
Davide Palazzari,Mont-Sainte-Anne,41.862,104.46000000000001,148.74200000000002,205.291,229.16899999999998,34,7.21399999999997
Alexandre Fayolle,Mont-Sainte-Anne,41.899,105.11699999999999,149.66699999999997,205.66699999999997,229.515,35,7.559999999999974
Loris Revelli,Mont-Sainte-Anne,41.611,104.428,149.428,205.602,229.57,36,7.614999999999981
Charlie Hatton,Mont-Sainte-Anne,40.873,104.333,148.59099999999998,205.57699999999997,229.64499999999998,37,7.689999999999969
Connor Fearon,Mont-Sainte-Anne,41.449,103.75999999999999,148.797,206.331,230.196,38,8.240999999999985
Henry Kerr,Mont-Sainte-Anne,41.27,104.66499999999999,149.847,206.53,230.277,39,8.321999999999974
Dante Silva,Mont-Sainte-Anne,42.54,105.822,150.81000000000003,207.357,230.415,40,8.45999999999998
Hugo Frixtalon,Mont-Sainte-Anne,42.238,104.15,149.486,206.75799999999998,230.57,41,8.61499999999998
Luca Thurlow,Mont-Sainte-Anne,42.346,106.114,151.22,207.08499999999998,230.6,42,8.644999999999982
Kye A'hern,Mont-Sainte-Anne,41.363,106.556,151.957,207.858,230.659,43,8.70399999999998
Mark Wallace,Mont-Sainte-Anne,42.015,106.30199999999999,151.395,207.03,230.767,44,8.811999999999983
Austin Dooley,Mont-Sainte-Anne,42.216,104.575,150.29,207.29500000000002,230.808,45,8.85299999999998
Gonçalo Bandeira,Mont-Sainte-Anne,41.896,105.753,151.27100000000002,207.302,230.902,46,8.946999999999974
Simon Chapelet,Mont-Sainte-Anne,41.926,105.12,150.732,207.12000000000003,230.92200000000003,47,8.967000000000013
Henri Kiefer,Mont-Sainte-Anne,42.441,105.503,150.877,207.15,230.992,48,9.036999999999978
Joe Breeden,Mont-Sainte-Anne,41.422,105.24000000000001,150.258,207.258,231.382,49,9.426999999999992
Baptiste Pierron,Mont-Sainte-Anne,41.774,105.812,151.561,208.218,231.62,50,9.664999999999992
Roger Vieira,Mont-Sainte-Anne,42.39,106.184,151.236,207.654,231.683,51,9.72799999999998
Bodhi Kuhn,Mont-Sainte-Anne,42.516,106.969,152.233,208.55100000000002,231.883,52,9.927999999999997
Samuel Blenkinsop,Mont-Sainte-Anne,42.718,107.572,153.466,208.735,232.454,53,10.498999999999995
Tuhoto-Ariki Pene,Mont-Sainte-Anne,41.403,105.814,151.217,208.09199999999998,232.638,54,10.682999999999993
Luke Matthew Williamson,Mont-Sainte-Anne,41.696,106.121,152.245,208.839,232.676,55,10.720999999999975
Jackson Connelly,Mont-Sainte-Anne,41.843,105.471,150.79500000000002,208.75100000000003,232.98000000000002,56,11.025000000000006
Sebastian Villa Holguin,Mont-Sainte-Anne,42.831,105.96600000000001,151.329,208.45499999999998,233.101,57,11.145999999999987
Pau Busquets Menoyo,Mont-Sainte-Anne,42.657,105.49199999999999,150.108,208.98999999999998,233.634,58,11.678999999999974
Stefano Introzzi,Mont-Sainte-Anne,42.251,105.412,150.651,209.6,233.721,59,11.765999999999991
Douglas Vieira,Mont-Sainte-Anne,41.662,106.519,152.70600000000002,210.071,233.761,60,11.805999999999983
Seth Sherlock,Mont-Sainte-Anne,41.948,106.02600000000001,151.84900000000002,210.466,233.98699999999997,61,12.031999999999954
Dan Slack,Mont-Sainte-Anne,42.469,106.78299999999999,152.231,209.941,234.034,62,12.07899999999998
Daniel Liberal Castellanos,Mont-Sainte-Anne,42.832,108.65799999999999,154.039,210.39299999999997,234.05999999999997,63,12.104999999999961
Adam Brayton,Mont-Sainte-Anne,41.656,105.63,151.837,210.207,234.16099999999997,64,12.20599999999996
Jamie Edmondson,Mont-Sainte-Anne,41.712,105.62,151.41,210.36399999999998,234.16599999999997,65,12.210999999999956
Lino Lehmann,Mont-Sainte-Anne,42.28,108.50200000000001,154.62300000000002,211.127,234.76500000000001,66,12.810000000000002
Hugo Langevin,Mont-Sainte-Anne,43.324,108.223,154.218,211.625,235.16200000000003,67,13.207000000000022
Davide Cappello,Mont-Sainte-Anne,42.171,106.893,153.065,210.72900000000004,235.8760000000001,68,13.921000000000078
George Brannigan,Mont-Sainte-Anne,42.367,107.256,153.689,211.242,235.98399999999998,69,14.028999999999968
Jacob Dickson,Mont-Sainte-Anne,42.266,106.96099999999998,153.92699999999996,211.94199999999998,236.112,70,14.156999999999982
Brook Macdonald,Mont-Sainte-Anne,42.766,108.917,155.56,212.69,236.372,71,14.417000000000002
Dom Platt,Mont-Sainte-Anne,43,108.082,154.123,212.123,236.52500000000003,72,14.570000000000022
Evan Medcalf,Mont-Sainte-Anne,43.232,109.168,154.972,212.683,236.747,73,14.792000000000002
Gaëtan Vige,Mont-Sainte-Anne,43.845,108.019,154.52100000000002,212.304,236.759,74,14.803999999999974
Wyn Masters,Mont-Sainte-Anne,42.414,108.13300000000001,154.942,212.648,236.781,75,14.825999999999993
Taylor Vernon,Mont-Sainte-Anne,42.927,107.945,155,213.395,237.447,76,15.49199999999999
Adrien Dailly,Mont-Sainte-Anne,42.944,108.513,155.74,213.441,237.53300000000002,77,15.578000000000003
Raphael Iniguez,Mont-Sainte-Anne,43.462,108.369,155.14600000000002,213.85,237.648,78,15.692999999999984
Remy Meier-Smith,Mont-Sainte-Anne,43.196,108.913,154.75,213.671,237.695,79,15.73999999999998
Antoine Rogge,Mont-Sainte-Anne,42.957,107.667,154.338,213.60399999999996,237.91099999999994,80,15.955999999999932
Henry Sherry,Mont-Sainte-Anne,43.008,110.174,156.879,213.543,237.94,81,15.984999999999985
Thibault Laly,Mont-Sainte-Anne,43.163,108.163,155.22699999999998,213.745,238.039,82,16.083999999999975
Christopher Grice,Mont-Sainte-Anne,43.196,109.37100000000001,155.515,214.369,238.053,83,16.097999999999985
Harry Molloy,Mont-Sainte-Anne,42.117,109.064,156.375,214.06900000000002,238.098,84,16.143
Tyler Ervin,Mont-Sainte-Anne,43.415,109.934,156.063,214.05599999999998,238.434,85,16.478999999999985
Edward Masters,Mont-Sainte-Anne,42.744,108.239,155.936,214.4,238.96100000000004,86,17.00600000000003
Alden Pate,Mont-Sainte-Anne,43.593,110.513,156.786,215.006,239.051,87,17.095999999999975
Wilson Thompson,Mont-Sainte-Anne,43.989,109.483,156.46,215.166,239.836,88,17.881
Johnathan Helly,Mont-Sainte-Anne,43.201,109.201,156.201,214.201,240.201,89,18.24599999999998
Jed Stanton,Mont-Sainte-Anne,43.718,110.63,157.56900000000002,215.983,240.285,90,18.329999999999984
Patrick Laffey,Mont-Sainte-Anne,44.123,111.24000000000001,157.18,215.993,240.938,91,18.982999999999976
Neko Mulally,Mont-Sainte-Anne,42.519,110.463,158.00900000000001,216.742,240.95,92,18.994999999999976
Ross Ennis,Mont-Sainte-Anne,44.34,111.15,159.39600000000002,217.897,242.508,93,20.552999999999997
Nathan Pontvianne,Mont-Sainte-Anne,42.84,107.48599999999999,152.038,218.70600000000002,242.756,94,20.800999999999988
Cole Suetos,Mont-Sainte-Anne,44.468,112.05799999999999,159.937,218.712,243.063,95,21.107999999999976
Douglas Goodwill,Mont-Sainte-Anne,43.215,111.976,160.091,220.154,244.85,96,22.894999999999982
Erik Irmisch,Mont-Sainte-Anne,43.424,110.339,158.513,220.99,245.467,97,23.512
Pedro Contreras Burns,Mont-Sainte-Anne,43.498,112.089,160.941,221.273,246.319,98,24.363999999999976
Dylan Conte,Mont-Sainte-Anne,44.93,115.70600000000002,164.47899999999998,226.202,251.124,99,29.168999999999983
Ryker Kearl,Mont-Sainte-Anne,46.932,116.574,165.30700000000002,227.195,252.7,100,30.744999999999976
Christopher Cumming,Mont-Sainte-Anne,45.642,114.47399999999999,164.68,229.912,255.15000000000006,101,33.19500000000005
Liam Jackson,Mont-Sainte-Anne,44.577,114.892,165.327,230.086,255.933,102,33.97799999999998
Franck Kirscher,Mont-Sainte-Anne,45.976,117.03700000000003,168.62400000000005,231.62400000000005,257.8910000000001,103,35.936000000000064
Joaquin Abrigo,Mont-Sainte-Anne,47,119.78699999999999,171.37900000000002,233.424,258.88700000000006,104,36.932000000000045
Ryan Ryan Pinkerton,Mont-Sainte-Anne,42,107.709,191.709,248.51799999999997,272.32399999999996,105,50.36899999999994
Jack Pederson,Mont-Sainte-Anne,45.591,119.04599999999999,171.071,279.563,306.211,106,84.256
Brandon Martinez Garcia,Mont-Sainte-Anne,47.423,155.118,211.618,279.933,306.316,107,84.36099999999996
Martin Maes,Mont-Sainte-Anne,44,110,384,443,469,108,247.045
Nathan Kitchen,Mont-Sainte-Anne,45.755,315.171,366.233,1011.1099999999999,1038,109,816.045
Amaury Pierron,Mont-Sainte-Anne,43.621,904.769,1051.669,1108.196,1342,110,1120.045
Matthew Walker,Mont-Sainte-Anne,46.407,143.916,377.728,2626.303,2657,111,2435.045
